transaction_id,customer_id,transaction_date,amount,transaction_type,merchant_category,merchant_name,location,is_fraudulent
TXN_000001,CUST_0017,2025-05-03 11:39:32,7.07,PURCHASE,GROCERIES,Target,"Philadelphia, PA",False
TXN_000002,CUST_0030,2025-05-03 19:28:37,3.13,TRANSFER,UTILITIES,Walmart,"San Diego, CA",False
TXN_000003,CUST_0021,2024-09-15 22:26:08,27.18,PURCHASE,UTILITIES,Shell,"Philadelphia, PA",False
TXN_000004,CUST_0008,2024-12-29 04:03:59,4.52,TRANSFER,TRAVEL,McDonald's,"Philadelphia, PA",False
TXN_000005,CUST_0089,2025-05-17 08:10:26,17.32,PAYMENT,RETAIL,Target,"San Antonio, TX",False
TXN_000006,CUST_0079,2024-10-22 18:04:02,48.27,TRANSFER,RESTAURANT,Shell,"Phoenix, AZ",False
TXN_000007,CUST_0097,2024-10-23 06:16:42,110.21,DEPOSIT,TRAVEL,Home Depot,"Los Angeles, CA",False
TXN_000008,CUST_0016,2025-01-27 06:14:46,42.35,TRANSFER,GROCERIES,Starbucks,"San Diego, CA",False
TXN_000009,CUST_0099,2024-10-03 14:13:17,20.0,WITHDRAWAL,UTILITIES,Netflix,"Chicago, IL",False
TXN_000010,CUST_0027,2024-12-07 16:46:08,120.73,PAYMENT,RETAIL,McDonald's,"Los Angeles, CA",False
TXN_000011,CUST_0090,2025-02-12 11:54:38,12.91,TRANSFER,GROCERIES,Starbucks,"Chicago, IL",False
TXN_000012,CUST_0016,2024-08-29 09:09:47,72.09,DEPOSIT,RETAIL,Starbucks,"Houston, TX",False
TXN_000013,CUST_0010,2025-03-18 14:07:01,53.13,DEPOSIT,ENTERTAINMENT,Shell,"Los Angeles, CA",True
TXN_000014,CUST_0038,2024-08-31 12:27:22,11.59,TRANSFER,RETAIL,Walmart,"San Antonio, TX",False
TXN_000015,CUST_0071,2024-10-17 20:10:24,38.54,DEPOSIT,RETAIL,Uber,"Philadelphia, PA",False
TXN_000016,CUST_0024,2024-12-04 02:33:08,31.49,WITHDRAWAL,RETAIL,Amazon,"New York, NY",False
TXN_000017,CUST_0063,2024-08-21 06:42:33,64.32,PAYMENT,ONLINE_SHOPPING,Starbucks,"Philadelphia, PA",False
TXN_000018,CUST_0055,2024-12-24 06:05:59,12.26,PURCHASE,RETAIL,Walmart,"Chicago, IL",False
TXN_000019,CUST_0092,2024-12-24 07:31:46,11.15,DEPOSIT,UTILITIES,Starbucks,"Houston, TX",False
TXN_000020,CUST_0047,2024-08-25 20:31:19,117.68,TRANSFER,GROCERIES,Home Depot,"San Diego, CA",False
TXN_000021,CUST_0069,2024-09-02 15:40:29,78.38,PAYMENT,UTILITIES,Walmart,"Chicago, IL",False
TXN_000022,CUST_0051,2025-05-22 17:45:57,208.6,WITHDRAWAL,GAS_STATION,Amazon,"Phoenix, AZ",False
TXN_000023,CUST_0093,2024-10-14 04:48:57,26.3,TRANSFER,UTILITIES,Home Depot,"Houston, TX",False
TXN_000024,CUST_0039,2024-10-20 20:52:55,80.68,PURCHASE,RETAIL,McDonald's,"New York, NY",False
TXN_000025,CUST_0054,2024-09-07 18:41:22,53.22,TRANSFER,RETAIL,Shell,"Philadelphia, PA",False
TXN_000026,CUST_0024,2024-08-19 03:14:53,16.64,TRANSFER,ENTERTAINMENT,Uber,"Los Angeles, CA",False
TXN_000027,CUST_0080,2024-09-28 15:44:35,37.18,WITHDRAWAL,RETAIL,Uber,"Chicago, IL",False
TXN_000028,CUST_0084,2024-11-17 22:33:34,78.02,DEPOSIT,RETAIL,Target,"New York, NY",False
TXN_000029,CUST_0091,2024-09-24 22:20:42,72.31,WITHDRAWAL,TRAVEL,Netflix,"Phoenix, AZ",False
TXN_000030,CUST_0042,2025-02-05 05:02:43,108.84,PURCHASE,ONLINE_SHOPPING,Target,"Phoenix, AZ",False
TXN_000031,CUST_0003,2024-12-20 09:58:36,6.69,PAYMENT,TRAVEL,Airbnb,"Phoenix, AZ",False
TXN_000032,CUST_0041,2024-08-15 11:43:51,600.49,PAYMENT,GAS_STATION,Airbnb,"San Antonio, TX",False
TXN_000033,CUST_0086,2024-11-03 15:17:15,55.26,PURCHASE,GROCERIES,Walmart,"Los Angeles, CA",False
TXN_000034,CUST_0070,2024-09-07 21:33:05,20.0,WITHDRAWAL,ONLINE_SHOPPING,Shell,"Los Angeles, CA",False
TXN_000035,CUST_0022,2025-02-18 22:56:57,201.57,WITHDRAWAL,ENTERTAINMENT,Uber,"Philadelphia, PA",False
TXN_000036,CUST_0060,2024-09-26 06:17:30,24.21,DEPOSIT,ENTERTAINMENT,Walmart,"San Diego, CA",False
TXN_000037,CUST_0032,2024-09-12 04:26:19,221.26,TRANSFER,ENTERTAINMENT,Uber,"San Diego, CA",False
TXN_000038,CUST_0085,2024-11-29 00:47:01,46.04,TRANSFER,RESTAURANT,Airbnb,"San Diego, CA",False
TXN_000039,CUST_0058,2024-12-30 04:22:31,48.58,PURCHASE,RETAIL,Amazon,"Philadelphia, PA",False
TXN_000040,CUST_0039,2024-11-28 04:46:36,18.58,PURCHASE,RESTAURANT,Amazon,"Phoenix, AZ",False
TXN_000041,CUST_0051,2024-09-04 00:39:49,3.68,TRANSFER,RETAIL,Shell,"Phoenix, AZ",False
TXN_000042,CUST_0072,2025-01-20 04:00:21,64.1,WITHDRAWAL,RETAIL,McDonald's,"Houston, TX",False
TXN_000043,CUST_0002,2024-09-20 08:26:35,85.34,DEPOSIT,UTILITIES,Walmart,"Houston, TX",False
TXN_000044,CUST_0001,2024-08-16 15:44:38,23.9,PAYMENT,TRAVEL,Shell,"Houston, TX",False
TXN_000045,CUST_0094,2024-11-16 18:56:33,41.67,DEPOSIT,TRAVEL,Walmart,"San Antonio, TX",False
TXN_000046,CUST_0021,2024-12-20 10:14:14,66.22,WITHDRAWAL,UTILITIES,Home Depot,"San Antonio, TX",False
TXN_000047,CUST_0059,2024-08-30 23:05:35,16.05,DEPOSIT,RETAIL,Target,"Los Angeles, CA",False
TXN_000048,CUST_0005,2025-08-11 03:51:53,46.18,TRANSFER,RETAIL,McDonald's,"Los Angeles, CA",False
TXN_000049,CUST_0006,2024-12-15 03:09:50,6.73,TRANSFER,UTILITIES,Amazon,"Houston, TX",False
TXN_000050,CUST_0092,2024-10-26 19:06:39,121.49,PAYMENT,GAS_STATION,Walmart,"Phoenix, AZ",False
TXN_000051,CUST_0035,2024-08-28 13:44:23,9.17,PURCHASE,ENTERTAINMENT,McDonald's,"New York, NY",False
TXN_000052,CUST_0069,2025-01-24 08:25:58,68.74,DEPOSIT,RETAIL,Target,"Los Angeles, CA",False
TXN_000053,CUST_0099,2024-12-07 04:49:37,10.94,TRANSFER,GROCERIES,Uber,"San Antonio, TX",False
TXN_000054,CUST_0087,2024-08-21 06:45:38,60.62,DEPOSIT,GROCERIES,McDonald's,"San Antonio, TX",False
TXN_000055,CUST_0063,2024-08-20 08:34:15,56.19,PURCHASE,RETAIL,Walmart,"San Antonio, TX",False
TXN_000056,CUST_0009,2025-01-15 14:07:50,6.82,PAYMENT,RESTAURANT,Walmart,"Philadelphia, PA",False
TXN_000057,CUST_0091,2024-11-03 11:00:48,5.09,DEPOSIT,ONLINE_SHOPPING,Uber,"Philadelphia, PA",False
TXN_000058,CUST_0035,2024-10-05 11:49:55,5.97,DEPOSIT,GROCERIES,Uber,"San Diego, CA",False
TXN_000059,CUST_0014,2025-04-20 10:59:00,33.55,PURCHASE,GROCERIES,Starbucks,"Phoenix, AZ",False
TXN_000060,CUST_0071,2024-11-18 08:57:49,15.49,PURCHASE,ENTERTAINMENT,Airbnb,"Houston, TX",False
TXN_000061,CUST_0019,2025-03-07 10:10:18,11.1,PAYMENT,TRAVEL,Walmart,"San Diego, CA",False
TXN_000062,CUST_0052,2024-09-18 02:37:01,36.97,DEPOSIT,GROCERIES,Airbnb,"Houston, TX",False
TXN_000063,CUST_0068,2025-03-11 00:18:08,116.77,WITHDRAWAL,ENTERTAINMENT,Netflix,"San Diego, CA",False
TXN_000064,CUST_0093,2025-02-11 08:53:32,257.94,TRANSFER,TRAVEL,Target,"Phoenix, AZ",False
TXN_000065,CUST_0021,2024-08-19 20:04:13,30.7,TRANSFER,GROCERIES,Airbnb,"Houston, TX",False
TXN_000066,CUST_0035,2025-02-06 00:54:14,4.39,PURCHASE,ENTERTAINMENT,Uber,"Houston, TX",False
TXN_000067,CUST_0054,2024-10-09 06:46:14,7.49,PURCHASE,ONLINE_SHOPPING,Amazon,"Philadelphia, PA",False
TXN_000068,CUST_0020,2025-01-15 18:09:37,18.87,DEPOSIT,ENTERTAINMENT,Starbucks,"Philadelphia, PA",False
TXN_000069,CUST_0076,2024-10-19 03:19:43,38.39,TRANSFER,GROCERIES,Uber,"San Antonio, TX",False
TXN_000070,CUST_0038,2024-08-20 14:49:55,34.87,PURCHASE,ONLINE_SHOPPING,McDonald's,"Los Angeles, CA",True
TXN_000071,CUST_0027,2024-08-28 08:17:51,1.65,TRANSFER,RESTAURANT,Uber,"Philadelphia, PA",False
TXN_000072,CUST_0035,2024-10-11 14:02:29,5.26,TRANSFER,ONLINE_SHOPPING,McDonald's,"New York, NY",False
TXN_000073,CUST_0046,2024-08-18 08:05:18,18.5,DEPOSIT,ONLINE_SHOPPING,Walmart,"San Diego, CA",False
TXN_000074,CUST_0062,2024-10-02 19:27:29,43.62,PURCHASE,ONLINE_SHOPPING,Walmart,"New York, NY",False
TXN_000075,CUST_0017,2024-08-25 08:18:34,41.87,DEPOSIT,TRAVEL,Amazon,"Chicago, IL",False
TXN_000076,CUST_0077,2025-05-05 08:54:11,108.96,PAYMENT,RETAIL,Amazon,"Houston, TX",False
TXN_000077,CUST_0072,2025-04-08 10:26:56,90.9,PAYMENT,GAS_STATION,Netflix,"Houston, TX",False
TXN_000078,CUST_0069,2024-08-13 10:00:52,8.18,DEPOSIT,UTILITIES,Netflix,"New York, NY",True
TXN_000079,CUST_0047,2025-03-06 12:27:52,44.04,WITHDRAWAL,GAS_STATION,Shell,"Chicago, IL",False
TXN_000080,CUST_0028,2024-11-01 00:27:15,8.24,PURCHASE,GAS_STATION,Amazon,"San Antonio, TX",False
TXN_000081,CUST_0041,2025-05-24 12:28:54,8.95,PAYMENT,GAS_STATION,Target,"Chicago, IL",False
TXN_000082,CUST_0073,2024-11-16 02:00:18,180.03,TRANSFER,UTILITIES,Shell,"Los Angeles, CA",False
TXN_000083,CUST_0093,2024-08-20 03:15:55,53.17,WITHDRAWAL,GROCERIES,Netflix,"Phoenix, AZ",False
TXN_000084,CUST_0079,2024-08-17 17:35:38,25.8,PAYMENT,ENTERTAINMENT,Airbnb,"San Antonio, TX",False
TXN_000085,CUST_0024,2024-11-26 21:35:39,116.46,TRANSFER,ONLINE_SHOPPING,Netflix,"New York, NY",False
TXN_000086,CUST_0053,2025-02-27 02:59:06,22.14,TRANSFER,TRAVEL,Amazon,"Chicago, IL",False
TXN_000087,CUST_0028,2024-11-07 20:04:05,3.26,PURCHASE,GAS_STATION,Airbnb,"Philadelphia, PA",False
TXN_000088,CUST_0100,2024-10-02 04:17:49,31.36,WITHDRAWAL,ONLINE_SHOPPING,Netflix,"Houston, TX",False
TXN_000089,CUST_0037,2025-03-22 01:49:59,17.21,PURCHASE,GAS_STATION,Amazon,"Chicago, IL",False
TXN_000090,CUST_0095,2025-01-17 03:33:03,55.52,DEPOSIT,UTILITIES,Shell,"San Diego, CA",False
TXN_000091,CUST_0034,2025-02-13 14:26:29,10.74,TRANSFER,GAS_STATION,Shell,"Philadelphia, PA",False
TXN_000092,CUST_0088,2024-10-22 16:08:13,39.26,DEPOSIT,GAS_STATION,McDonald's,"Chicago, IL",False
TXN_000093,CUST_0064,2024-10-05 17:30:57,3.8,DEPOSIT,ONLINE_SHOPPING,Shell,"Los Angeles, CA",False
TXN_000094,CUST_0035,2025-03-20 13:08:11,21.63,TRANSFER,GROCERIES,Walmart,"Phoenix, AZ",False
TXN_000095,CUST_0077,2024-11-14 14:58:33,780.17,TRANSFER,ONLINE_SHOPPING,Netflix,"Chicago, IL",False
TXN_000096,CUST_0003,2024-09-18 06:17:17,3.79,PAYMENT,GROCERIES,Shell,"Philadelphia, PA",False
TXN_000097,CUST_0021,2025-07-18 15:14:51,104.97,TRANSFER,RESTAURANT,Target,"Chicago, IL",False
TXN_000098,CUST_0100,2024-10-03 15:21:45,3.24,PURCHASE,GAS_STATION,Uber,"Philadelphia, PA",False
TXN_000099,CUST_0024,2024-11-18 04:37:55,14.4,PAYMENT,ONLINE_SHOPPING,Starbucks,"Philadelphia, PA",False
TXN_000100,CUST_0019,2024-08-27 11:02:15,57.17,DEPOSIT,RESTAURANT,McDonald's,"Phoenix, AZ",False
TXN_000101,CUST_0047,2025-03-05 06:12:57,49.02,PAYMENT,TRAVEL,Starbucks,"New York, NY",False
TXN_000102,CUST_0046,2024-08-16 18:25:15,102.41,PURCHASE,GAS_STATION,Starbucks,"San Diego, CA",False
TXN_000103,CUST_0070,2024-11-10 02:40:37,500.0,WITHDRAWAL,ENTERTAINMENT,Airbnb,"Chicago, IL",False
TXN_000104,CUST_0081,2025-03-01 22:29:27,7.44,DEPOSIT,RESTAURANT,Starbucks,"San Antonio, TX",False
TXN_000105,CUST_0035,2024-09-04 15:13:25,5.03,PURCHASE,ENTERTAINMENT,McDonald's,"Chicago, IL",False
TXN_000106,CUST_0059,2024-08-16 09:18:46,105.18,PAYMENT,TRAVEL,Target,"San Diego, CA",False
TXN_000107,CUST_0022,2024-12-07 15:31:23,36.41,DEPOSIT,ONLINE_SHOPPING,Target,"New York, NY",False
TXN_000108,CUST_0024,2024-12-23 07:55:53,59.12,PURCHASE,RESTAURANT,Amazon,"Los Angeles, CA",False
TXN_000109,CUST_0008,2025-08-13 06:15:19,79.05,DEPOSIT,ONLINE_SHOPPING,Uber,"San Diego, CA",False
TXN_000110,CUST_0005,2025-02-01 19:35:54,33.66,PURCHASE,RETAIL,Amazon,"Los Angeles, CA",False
TXN_000111,CUST_0063,2024-08-22 12:55:26,7.69,PURCHASE,ENTERTAINMENT,McDonald's,"Chicago, IL",False
TXN_000112,CUST_0099,2024-10-31 22:02:24,106.7,TRANSFER,TRAVEL,Target,"Phoenix, AZ",False
TXN_000113,CUST_0061,2024-08-23 21:37:54,54.65,WITHDRAWAL,TRAVEL,McDonald's,"Houston, TX",False
TXN_000114,CUST_0066,2024-08-20 19:55:31,12.42,PAYMENT,ENTERTAINMENT,Target,"San Antonio, TX",False
TXN_000115,CUST_0067,2025-01-22 23:04:02,35.57,DEPOSIT,GROCERIES,Airbnb,"Philadelphia, PA",False
TXN_000116,CUST_0053,2024-08-16 16:27:10,21.97,DEPOSIT,GROCERIES,Airbnb,"Philadelphia, PA",False
TXN_000117,CUST_0031,2025-03-20 18:38:08,230.54,WITHDRAWAL,TRAVEL,Target,"Philadelphia, PA",False
TXN_000118,CUST_0050,2024-12-16 10:05:24,146.46,TRANSFER,ENTERTAINMENT,McDonald's,"Philadelphia, PA",False
TXN_000119,CUST_0063,2024-08-26 00:55:44,13.65,DEPOSIT,UTILITIES,Target,"Los Angeles, CA",False
TXN_000120,CUST_0098,2024-12-19 04:10:28,48.91,PURCHASE,ENTERTAINMENT,Airbnb,"San Antonio, TX",False
TXN_000121,CUST_0093,2024-08-18 01:25:09,8.51,PURCHASE,GROCERIES,Amazon,"New York, NY",False
TXN_000122,CUST_0027,2025-03-02 15:53:14,127.83,TRANSFER,ENTERTAINMENT,Amazon,"Phoenix, AZ",False
TXN_000123,CUST_0083,2025-04-10 23:48:32,13.48,TRANSFER,ONLINE_SHOPPING,Walmart,"Houston, TX",False
TXN_000124,CUST_0091,2025-02-15 05:02:34,71.76,WITHDRAWAL,ONLINE_SHOPPING,Shell,"Chicago, IL",False
TXN_000125,CUST_0013,2024-09-02 10:46:04,52.39,TRANSFER,GROCERIES,Shell,"Houston, TX",False
TXN_000126,CUST_0083,2024-11-21 20:46:36,12.62,PAYMENT,ONLINE_SHOPPING,McDonald's,"San Diego, CA",False
TXN_000127,CUST_0028,2025-03-02 02:50:01,5.87,DEPOSIT,RETAIL,Airbnb,"Houston, TX",False
TXN_000128,CUST_0071,2025-01-06 04:13:46,46.17,WITHDRAWAL,RETAIL,Target,"San Diego, CA",False
TXN_000129,CUST_0009,2024-11-28 08:47:22,90.47,DEPOSIT,ENTERTAINMENT,Target,"New York, NY",False
TXN_000130,CUST_0088,2025-05-07 08:19:08,158.9,TRANSFER,RETAIL,McDonald's,"Houston, TX",False
TXN_000131,CUST_0044,2024-10-02 12:50:20,14.46,PURCHASE,GROCERIES,Walmart,"Philadelphia, PA",False
TXN_000132,CUST_0054,2024-10-24 19:10:46,68.29,TRANSFER,GAS_STATION,Shell,"Philadelphia, PA",False
TXN_000133,CUST_0024,2025-02-11 10:34:16,15.98,PURCHASE,ENTERTAINMENT,McDonald's,"New York, NY",False
TXN_000134,CUST_0012,2024-11-11 16:19:10,10.04,PAYMENT,RETAIL,Home Depot,"Houston, TX",False
TXN_000135,CUST_0090,2024-12-04 10:32:06,4.33,TRANSFER,RETAIL,Home Depot,"Houston, TX",False
TXN_000136,CUST_0027,2024-11-06 21:51:42,41.98,WITHDRAWAL,UTILITIES,Airbnb,"Los Angeles, CA",False
TXN_000137,CUST_0037,2024-09-13 03:04:57,147.36,PAYMENT,GROCERIES,Shell,"Houston, TX",False
TXN_000138,CUST_0077,2025-08-13 06:15:19,12.33,DEPOSIT,RESTAURANT,Uber,"New York, NY",False
TXN_000139,CUST_0087,2025-01-11 20:16:06,4.85,PAYMENT,GROCERIES,Target,"Los Angeles, CA",False
TXN_000140,CUST_0028,2024-10-16 09:24:47,12.25,TRANSFER,GAS_STATION,Starbucks,"Los Angeles, CA",False
TXN_000141,CUST_0009,2024-09-09 14:14:55,63.09,TRANSFER,GROCERIES,Walmart,"Chicago, IL",False
TXN_000142,CUST_0090,2024-09-04 01:19:53,56.9,WITHDRAWAL,GROCERIES,Home Depot,"Chicago, IL",False
TXN_000143,CUST_0045,2024-09-14 14:09:19,60.21,PAYMENT,RETAIL,Walmart,"New York, NY",False
TXN_000144,CUST_0047,2025-04-19 17:44:25,130.08,TRANSFER,ENTERTAINMENT,Airbnb,"Philadelphia, PA",False
TXN_000145,CUST_0026,2024-08-29 04:41:52,5.03,PAYMENT,GROCERIES,Target,"Philadelphia, PA",False
TXN_000146,CUST_0027,2025-01-03 10:14:32,32.5,PAYMENT,UTILITIES,Shell,"Philadelphia, PA",False
TXN_000147,CUST_0038,2025-05-04 06:58:49,20.0,WITHDRAWAL,RESTAURANT,McDonald's,"Phoenix, AZ",False
TXN_000148,CUST_0008,2024-09-05 17:30:56,41.68,DEPOSIT,GROCERIES,Target,"Chicago, IL",False
TXN_000149,CUST_0095,2024-09-09 23:09:19,21.07,PURCHASE,GROCERIES,Target,"Chicago, IL",False
TXN_000150,CUST_0087,2024-08-20 20:23:26,71.2,WITHDRAWAL,RETAIL,Amazon,"Phoenix, AZ",False
TXN_000151,CUST_0059,2024-09-26 02:49:12,20.63,PURCHASE,ENTERTAINMENT,Uber,"Phoenix, AZ",False
TXN_000152,CUST_0008,2025-01-08 13:55:46,65.79,TRANSFER,GROCERIES,Netflix,"New York, NY",False
TXN_000153,CUST_0059,2025-07-01 13:38:44,54.32,WITHDRAWAL,GAS_STATION,Starbucks,"Phoenix, AZ",True
TXN_000154,CUST_0092,2025-04-30 21:24:51,190.53,WITHDRAWAL,ONLINE_SHOPPING,Uber,"Los Angeles, CA",False
TXN_000155,CUST_0066,2024-10-24 13:20:44,12.02,DEPOSIT,RETAIL,Home Depot,"Houston, TX",False
TXN_000156,CUST_0009,2024-08-29 23:04:27,12.41,DEPOSIT,GROCERIES,Airbnb,"Phoenix, AZ",False
TXN_000157,CUST_0071,2024-09-28 17:43:02,29.92,TRANSFER,GROCERIES,Target,"Phoenix, AZ",False
TXN_000158,CUST_0093,2024-11-04 06:56:03,14.78,DEPOSIT,GROCERIES,Target,"New York, NY",False
TXN_000159,CUST_0058,2025-03-11 02:34:27,33.69,TRANSFER,GROCERIES,Shell,"Los Angeles, CA",False
TXN_000160,CUST_0065,2024-09-01 12:35:35,25.45,WITHDRAWAL,GROCERIES,Starbucks,"Phoenix, AZ",False
TXN_000161,CUST_0011,2024-11-04 02:48:43,230.59,PAYMENT,RETAIL,Netflix,"San Antonio, TX",False
TXN_000162,CUST_0071,2025-02-16 05:50:17,37.53,PAYMENT,RETAIL,Netflix,"Los Angeles, CA",False
TXN_000163,CUST_0084,2024-10-21 02:01:43,15.07,TRANSFER,TRAVEL,Netflix,"Philadelphia, PA",False
TXN_000164,CUST_0028,2024-11-22 07:58:43,12.79,DEPOSIT,ENTERTAINMENT,Amazon,"Phoenix, AZ",False
TXN_000165,CUST_0001,2024-10-04 22:11:00,18.65,DEPOSIT,TRAVEL,Uber,"Los Angeles, CA",False
TXN_000166,CUST_0004,2024-08-29 16:48:31,52.34,PURCHASE,ONLINE_SHOPPING,Uber,"Houston, TX",False
TXN_000167,CUST_0023,2025-05-07 15:21:33,75.81,PAYMENT,GAS_STATION,Uber,"San Antonio, TX",False
TXN_000168,CUST_0038,2024-08-14 06:35:44,1.54,TRANSFER,RESTAURANT,McDonald's,"San Antonio, TX",False
TXN_000169,CUST_0068,2025-07-19 22:02:23,142.71,DEPOSIT,ENTERTAINMENT,Home Depot,"Los Angeles, CA",False
TXN_000170,CUST_0030,2024-09-21 14:36:25,45.63,PURCHASE,RESTAURANT,Airbnb,"Philadelphia, PA",False
TXN_000171,CUST_0047,2025-01-24 14:36:12,8.12,PAYMENT,ENTERTAINMENT,Home Depot,"Los Angeles, CA",False
TXN_000172,CUST_0032,2024-08-31 13:42:47,23.15,PURCHASE,TRAVEL,Home Depot,"Philadelphia, PA",False
TXN_000173,CUST_0017,2024-11-13 06:41:40,10.92,TRANSFER,GROCERIES,Walmart,"San Antonio, TX",False
TXN_000174,CUST_0089,2024-09-01 03:29:42,27.94,PURCHASE,TRAVEL,Target,"San Diego, CA",False
TXN_000175,CUST_0015,2024-12-16 13:13:48,23.82,DEPOSIT,ONLINE_SHOPPING,Airbnb,"New York, NY",False
TXN_000176,CUST_0034,2025-01-24 19:17:36,43.14,PAYMENT,UTILITIES,McDonald's,"Houston, TX",False
TXN_000177,CUST_0052,2024-08-30 09:04:35,57.87,PURCHASE,ENTERTAINMENT,Walmart,"New York, NY",False
TXN_000178,CUST_0067,2024-10-18 03:14:49,102.01,TRANSFER,TRAVEL,Starbucks,"Los Angeles, CA",False
TXN_000179,CUST_0083,2025-01-12 15:57:57,30.8,DEPOSIT,RESTAURANT,Amazon,"Philadelphia, PA",False
TXN_000180,CUST_0097,2025-07-20 11:49:00,57.15,DEPOSIT,ONLINE_SHOPPING,McDonald's,"San Diego, CA",False
TXN_000181,CUST_0013,2025-07-05 00:07:11,41.45,DEPOSIT,RETAIL,Netflix,"Los Angeles, CA",False
TXN_000182,CUST_0022,2024-12-02 22:47:05,43.64,PAYMENT,UTILITIES,Uber,"San Antonio, TX",False
TXN_000183,CUST_0067,2025-02-19 10:15:08,6.59,DEPOSIT,GROCERIES,Walmart,"Houston, TX",False
TXN_000184,CUST_0053,2024-09-18 21:37:20,75.07,DEPOSIT,UTILITIES,Walmart,"Phoenix, AZ",False
TXN_000185,CUST_0057,2025-03-11 14:54:45,17.41,PAYMENT,ONLINE_SHOPPING,Target,"Philadelphia, PA",False
TXN_000186,CUST_0047,2024-09-30 07:07:33,3.64,PURCHASE,UTILITIES,Netflix,"San Antonio, TX",False
TXN_000187,CUST_0087,2024-09-04 10:46:41,58.44,DEPOSIT,TRAVEL,Target,"San Antonio, TX",False
TXN_000188,CUST_0074,2025-04-16 10:55:29,158.94,WITHDRAWAL,GAS_STATION,Walmart,"Los Angeles, CA",False
TXN_000189,CUST_0006,2024-10-31 14:53:16,203.63,TRANSFER,GROCERIES,Walmart,"Chicago, IL",False
TXN_000190,CUST_0049,2024-10-02 22:42:19,15.86,DEPOSIT,GAS_STATION,Airbnb,"Chicago, IL",False
TXN_000191,CUST_0080,2024-11-20 21:00:31,28.39,WITHDRAWAL,RESTAURANT,McDonald's,"Houston, TX",False
TXN_000192,CUST_0091,2024-10-08 12:55:09,55.86,TRANSFER,RETAIL,Amazon,"San Antonio, TX",False
TXN_000193,CUST_0066,2024-09-13 09:02:06,26.47,WITHDRAWAL,GROCERIES,Walmart,"San Diego, CA",False
TXN_000194,CUST_0048,2024-11-08 20:40:07,189.82,DEPOSIT,RETAIL,Target,"Phoenix, AZ",False
TXN_000195,CUST_0068,2025-06-02 12:08:24,306.21,WITHDRAWAL,RESTAURANT,Shell,"Chicago, IL",False
TXN_000196,CUST_0022,2024-11-19 09:33:23,7.56,PURCHASE,GROCERIES,Walmart,"Phoenix, AZ",False
TXN_000197,CUST_0068,2025-05-15 13:35:14,35.59,PURCHASE,ONLINE_SHOPPING,Home Depot,"San Diego, CA",False
TXN_000198,CUST_0032,2024-09-06 10:12:42,18.87,PURCHASE,RESTAURANT,McDonald's,"Los Angeles, CA",False
TXN_000199,CUST_0035,2025-03-22 00:57:34,28.28,PAYMENT,ONLINE_SHOPPING,Airbnb,"Chicago, IL",False
TXN_000200,CUST_0026,2025-08-13 06:15:19,89.23,TRANSFER,GROCERIES,Airbnb,"Los Angeles, CA",False
TXN_000201,CUST_0050,2024-12-16 10:55:48,7.59,PURCHASE,GROCERIES,Target,"Philadelphia, PA",False
TXN_000202,CUST_0048,2024-09-22 18:17:50,20.0,WITHDRAWAL,RESTAURANT,Starbucks,"Chicago, IL",False
TXN_000203,CUST_0063,2024-10-30 20:13:20,181.35,DEPOSIT,UTILITIES,Uber,"Chicago, IL",False
TXN_000204,CUST_0081,2025-04-23 19:06:47,75.01,DEPOSIT,GROCERIES,Walmart,"Philadelphia, PA",False
TXN_000205,CUST_0037,2024-12-01 01:27:33,432.53,DEPOSIT,RETAIL,McDonald's,"Los Angeles, CA",False
TXN_000206,CUST_0040,2024-10-10 16:45:14,13.45,TRANSFER,ENTERTAINMENT,Target,"Los Angeles, CA",False
TXN_000207,CUST_0063,2024-09-16 20:18:04,7.03,DEPOSIT,ENTERTAINMENT,McDonald's,"San Diego, CA",False
TXN_000208,CUST_0068,2024-09-05 20:04:41,30.79,PURCHASE,UTILITIES,McDonald's,"Los Angeles, CA",False
TXN_000209,CUST_0001,2025-04-27 23:57:24,63.51,PAYMENT,ONLINE_SHOPPING,Starbucks,"Chicago, IL",False
TXN_000210,CUST_0035,2025-01-24 04:05:09,7.11,PURCHASE,RETAIL,Uber,"Los Angeles, CA",False
TXN_000211,CUST_0023,2024-09-11 16:21:59,116.6,PAYMENT,ENTERTAINMENT,Netflix,"San Diego, CA",False
TXN_000212,CUST_0005,2024-09-21 19:45:40,37.58,WITHDRAWAL,GAS_STATION,Netflix,"San Diego, CA",False
TXN_000213,CUST_0097,2024-09-20 14:56:26,118.85,PAYMENT,UTILITIES,Airbnb,"Philadelphia, PA",False
TXN_000214,CUST_0005,2024-12-04 06:03:44,2.36,PURCHASE,TRAVEL,Amazon,"Philadelphia, PA",False
TXN_000215,CUST_0057,2024-08-14 14:16:13,32.25,PURCHASE,UTILITIES,Starbucks,"San Antonio, TX",False
TXN_000216,CUST_0023,2024-10-08 09:41:35,10.9,PAYMENT,UTILITIES,Target,"Philadelphia, PA",False
TXN_000217,CUST_0022,2024-10-30 05:04:51,96.76,PURCHASE,GAS_STATION,Home Depot,"San Antonio, TX",False
TXN_000218,CUST_0036,2024-08-25 20:44:12,34.32,WITHDRAWAL,UTILITIES,Netflix,"San Antonio, TX",False
TXN_000219,CUST_0047,2024-10-01 20:38:01,139.58,DEPOSIT,RESTAURANT,Airbnb,"San Antonio, TX",False
TXN_000220,CUST_0033,2024-10-08 06:53:59,12.83,DEPOSIT,TRAVEL,Home Depot,"New York, NY",False
TXN_000221,CUST_0029,2024-10-21 14:20:59,484.71,DEPOSIT,ENTERTAINMENT,Walmart,"Phoenix, AZ",False
TXN_000222,CUST_0064,2025-05-10 18:10:03,165.27,WITHDRAWAL,ONLINE_SHOPPING,Shell,"Los Angeles, CA",False
TXN_000223,CUST_0049,2024-12-04 20:38:41,20.0,WITHDRAWAL,GROCERIES,Airbnb,"Chicago, IL",True
TXN_000224,CUST_0003,2024-11-03 12:18:40,45.22,PAYMENT,GAS_STATION,Airbnb,"Philadelphia, PA",False
TXN_000225,CUST_0028,2024-12-10 18:05:30,58.21,PURCHASE,RETAIL,Amazon,"Philadelphia, PA",False
TXN_000226,CUST_0071,2024-10-12 06:43:04,29.39,DEPOSIT,GROCERIES,Amazon,"Chicago, IL",False
TXN_000227,CUST_0053,2024-10-04 23:30:48,15.25,PURCHASE,RETAIL,Starbucks,"New York, NY",False
TXN_000228,CUST_0049,2024-08-20 23:02:35,115.88,WITHDRAWAL,UTILITIES,Starbucks,"San Diego, CA",False
TXN_000229,CUST_0093,2024-11-03 03:28:58,13.45,PAYMENT,TRAVEL,Netflix,"Philadelphia, PA",False
TXN_000230,CUST_0004,2024-10-14 16:00:51,29.6,TRANSFER,ENTERTAINMENT,Target,"Philadelphia, PA",False
TXN_000231,CUST_0049,2024-09-28 23:31:10,37.51,TRANSFER,GAS_STATION,Shell,"San Diego, CA",False
TXN_000232,CUST_0045,2024-09-25 08:53:02,34.36,WITHDRAWAL,RESTAURANT,Shell,"Chicago, IL",False
TXN_000233,CUST_0064,2024-12-16 04:05:02,19.46,DEPOSIT,ONLINE_SHOPPING,Home Depot,"New York, NY",False
TXN_000234,CUST_0016,2025-01-02 10:31:19,18.63,DEPOSIT,GAS_STATION,Starbucks,"Los Angeles, CA",False
TXN_000235,CUST_0086,2025-01-02 06:04:11,290.37,TRANSFER,TRAVEL,Uber,"Chicago, IL",False
TXN_000236,CUST_0057,2024-09-09 21:38:50,25.49,DEPOSIT,UTILITIES,Home Depot,"Houston, TX",False
TXN_000237,CUST_0011,2024-09-03 01:49:54,7.1,PURCHASE,ENTERTAINMENT,Target,"Philadelphia, PA",False
TXN_000238,CUST_0096,2024-10-08 15:55:17,25.54,PURCHASE,UTILITIES,Amazon,"Philadelphia, PA",False
TXN_000239,CUST_0061,2024-09-21 11:49:20,27.79,PAYMENT,RESTAURANT,Starbucks,"San Antonio, TX",False
TXN_000240,CUST_0022,2024-08-19 18:47:15,155.78,PAYMENT,RETAIL,Netflix,"San Antonio, TX",False
TXN_000241,CUST_0070,2025-01-14 18:28:58,25.55,WITHDRAWAL,GROCERIES,Shell,"San Antonio, TX",False
TXN_000242,CUST_0022,2024-08-16 16:28:15,185.25,PAYMENT,ENTERTAINMENT,Shell,"Houston, TX",False
TXN_000243,CUST_0046,2024-12-01 04:13:35,39.28,PURCHASE,UTILITIES,Target,"Los Angeles, CA",False
TXN_000244,CUST_0008,2024-09-10 21:31:20,23.32,PAYMENT,TRAVEL,Starbucks,"Houston, TX",False
TXN_000245,CUST_0043,2025-05-11 10:09:00,51.54,DEPOSIT,RESTAURANT,Walmart,"Chicago, IL",False
TXN_000246,CUST_0075,2024-09-26 22:56:43,48.37,DEPOSIT,UTILITIES,Shell,"Chicago, IL",False
TXN_000247,CUST_0086,2024-08-14 17:01:17,23.92,WITHDRAWAL,TRAVEL,Home Depot,"Chicago, IL",False
TXN_000248,CUST_0003,2024-11-19 05:46:36,125.97,PAYMENT,RESTAURANT,Airbnb,"Houston, TX",False
TXN_000249,CUST_0061,2024-11-22 23:03:33,276.59,DEPOSIT,RETAIL,Amazon,"San Antonio, TX",False
TXN_000250,CUST_0024,2024-09-29 22:10:00,36.83,WITHDRAWAL,ONLINE_SHOPPING,Shell,"Chicago, IL",False
TXN_000251,CUST_0021,2025-08-13 06:15:19,28.64,TRANSFER,UTILITIES,Target,"Chicago, IL",False
TXN_000252,CUST_0055,2025-02-28 12:10:36,127.68,DEPOSIT,ONLINE_SHOPPING,Netflix,"New York, NY",False
TXN_000253,CUST_0059,2024-12-10 16:59:06,22.09,PURCHASE,ENTERTAINMENT,Starbucks,"New York, NY",False
TXN_000254,CUST_0015,2024-09-05 02:19:56,30.0,WITHDRAWAL,ONLINE_SHOPPING,Target,"Houston, TX",False
TXN_000255,CUST_0050,2025-01-11 06:23:30,91.45,DEPOSIT,UTILITIES,McDonald's,"Chicago, IL",False
TXN_000256,CUST_0028,2024-10-19 07:12:48,60.32,PAYMENT,ONLINE_SHOPPING,Walmart,"Philadelphia, PA",False
TXN_000257,CUST_0066,2025-04-24 11:33:12,39.04,WITHDRAWAL,RETAIL,Uber,"Phoenix, AZ",False
TXN_000258,CUST_0040,2024-09-08 12:00:32,25.76,PURCHASE,RETAIL,Netflix,"San Diego, CA",False
TXN_000259,CUST_0046,2024-11-28 20:40:10,141.94,PAYMENT,GROCERIES,Amazon,"Chicago, IL",False
TXN_000260,CUST_0084,2024-09-06 14:58:53,12.14,PURCHASE,ENTERTAINMENT,Airbnb,"San Diego, CA",False
TXN_000261,CUST_0079,2025-02-17 05:54:35,12.38,TRANSFER,GROCERIES,Home Depot,"Philadelphia, PA",False
TXN_000262,CUST_0029,2024-08-22 03:43:18,3.24,DEPOSIT,ENTERTAINMENT,Home Depot,"Los Angeles, CA",False
TXN_000263,CUST_0020,2024-08-18 22:35:21,49.93,WITHDRAWAL,ONLINE_SHOPPING,Airbnb,"San Diego, CA",False
TXN_000264,CUST_0072,2024-10-10 04:42:28,13.13,DEPOSIT,TRAVEL,Uber,"Houston, TX",False
TXN_000265,CUST_0010,2024-09-11 21:27:49,5.18,PURCHASE,GAS_STATION,McDonald's,"Houston, TX",False
TXN_000266,CUST_0095,2025-01-10 05:32:24,24.47,WITHDRAWAL,RESTAURANT,Shell,"San Diego, CA",False
TXN_000267,CUST_0010,2024-10-22 16:23:50,27.31,DEPOSIT,GAS_STATION,Airbnb,"San Antonio, TX",False
TXN_000268,CUST_0053,2024-10-06 11:50:40,56.59,PURCHASE,GROCERIES,Target,"Chicago, IL",False
TXN_000269,CUST_0076,2025-01-10 08:11:10,74.82,WITHDRAWAL,GROCERIES,Airbnb,"San Diego, CA",False
TXN_000270,CUST_0020,2024-08-14 20:32:04,3.28,PAYMENT,TRAVEL,Airbnb,"San Antonio, TX",False
TXN_000271,CUST_0076,2024-10-18 06:24:17,12.66,DEPOSIT,TRAVEL,Netflix,"San Antonio, TX",False
TXN_000272,CUST_0068,2024-10-06 01:42:11,49.25,PAYMENT,GROCERIES,Shell,"Philadelphia, PA",False
TXN_000273,CUST_0083,2024-12-24 12:46:16,474.63,TRANSFER,ENTERTAINMENT,Uber,"New York, NY",False
TXN_000274,CUST_0077,2024-11-29 15:11:47,27.36,TRANSFER,RESTAURANT,Amazon,"Phoenix, AZ",False
TXN_000275,CUST_0098,2025-04-03 18:17:11,215.54,PAYMENT,UTILITIES,Amazon,"Los Angeles, CA",False
TXN_000276,CUST_0003,2025-03-25 16:16:45,380.71,TRANSFER,ENTERTAINMENT,Shell,"Philadelphia, PA",False
TXN_000277,CUST_0052,2024-12-02 23:14:11,23.0,PURCHASE,ENTERTAINMENT,McDonald's,"Houston, TX",False
TXN_000278,CUST_0013,2024-11-18 22:31:24,20.0,WITHDRAWAL,RETAIL,Starbucks,"Phoenix, AZ",False
TXN_000279,CUST_0081,2024-08-29 18:05:31,5.04,PURCHASE,TRAVEL,Target,"Chicago, IL",False
TXN_000280,CUST_0023,2024-09-16 17:10:31,44.7,DEPOSIT,RESTAURANT,Netflix,"Phoenix, AZ",False
TXN_000281,CUST_0028,2025-01-03 05:05:52,58.21,WITHDRAWAL,ONLINE_SHOPPING,Target,"Phoenix, AZ",False
TXN_000282,CUST_0094,2024-10-16 19:51:30,229.1,DEPOSIT,ONLINE_SHOPPING,Netflix,"New York, NY",False
TXN_000283,CUST_0040,2024-09-07 23:23:41,93.16,PURCHASE,TRAVEL,Starbucks,"Philadelphia, PA",False
TXN_000284,CUST_0033,2025-02-20 23:32:09,16.82,PURCHASE,GROCERIES,Amazon,"Chicago, IL",False
TXN_000285,CUST_0098,2024-09-06 12:45:30,16.71,TRANSFER,TRAVEL,Walmart,"Chicago, IL",False
TXN_000286,CUST_0042,2024-10-02 00:49:03,49.18,DEPOSIT,ENTERTAINMENT,Walmart,"New York, NY",False
TXN_000287,CUST_0032,2024-11-02 13:21:22,80.76,PAYMENT,GAS_STATION,McDonald's,"Phoenix, AZ",False
TXN_000288,CUST_0064,2024-10-08 16:01:44,22.51,PURCHASE,RESTAURANT,Uber,"New York, NY",False
TXN_000289,CUST_0021,2025-07-04 22:48:35,141.19,DEPOSIT,TRAVEL,McDonald's,"Houston, TX",False
TXN_000290,CUST_0066,2024-11-17 22:01:57,255.54,PAYMENT,RETAIL,McDonald's,"Los Angeles, CA",False
TXN_000291,CUST_0049,2024-09-15 08:03:28,258.3,WITHDRAWAL,RETAIL,Netflix,"Houston, TX",False
TXN_000292,CUST_0083,2024-09-19 15:21:15,18.53,DEPOSIT,TRAVEL,Walmart,"Los Angeles, CA",False
TXN_000293,CUST_0082,2025-08-13 06:15:19,38.11,PURCHASE,GROCERIES,Uber,"Houston, TX",False
TXN_000294,CUST_0031,2024-08-29 13:38:04,26.35,PAYMENT,GAS_STATION,Amazon,"Los Angeles, CA",False
TXN_000295,CUST_0024,2024-10-15 22:18:55,67.45,WITHDRAWAL,RESTAURANT,Amazon,"San Diego, CA",False
TXN_000296,CUST_0005,2024-08-25 10:54:25,79.06,DEPOSIT,ENTERTAINMENT,Amazon,"Houston, TX",False
TXN_000297,CUST_0053,2024-09-10 22:57:33,40.17,WITHDRAWAL,RETAIL,Netflix,"San Diego, CA",False
TXN_000298,CUST_0055,2024-08-24 14:00:50,52.14,PURCHASE,RESTAURANT,Home Depot,"Phoenix, AZ",False
TXN_000299,CUST_0089,2025-02-28 03:17:21,50.55,TRANSFER,UTILITIES,Home Depot,"Los Angeles, CA",False
TXN_000300,CUST_0052,2024-12-23 15:25:21,11.35,PURCHASE,GROCERIES,Home Depot,"Phoenix, AZ",False
TXN_000301,CUST_0070,2025-04-02 23:04:57,92.08,TRANSFER,RETAIL,Amazon,"Philadelphia, PA",False
TXN_000302,CUST_0023,2024-12-11 13:18:38,148.59,WITHDRAWAL,RETAIL,Walmart,"San Diego, CA",False
TXN_000303,CUST_0075,2025-01-21 16:42:13,13.77,PAYMENT,ONLINE_SHOPPING,Airbnb,"Chicago, IL",False
TXN_000304,CUST_0002,2024-12-25 12:47:36,24.58,TRANSFER,RESTAURANT,Netflix,"Los Angeles, CA",False
TXN_000305,CUST_0077,2024-11-05 04:30:13,19.08,PAYMENT,ENTERTAINMENT,Home Depot,"Phoenix, AZ",False
TXN_000306,CUST_0056,2024-09-24 22:59:25,5.31,TRANSFER,GROCERIES,Netflix,"Philadelphia, PA",False
TXN_000307,CUST_0040,2025-08-13 06:15:19,32.66,PURCHASE,ONLINE_SHOPPING,Walmart,"Philadelphia, PA",False
TXN_000308,CUST_0038,2025-03-27 11:39:31,4.27,PURCHASE,GAS_STATION,Walmart,"Philadelphia, PA",False
TXN_000309,CUST_0081,2024-09-26 15:06:26,19.27,PAYMENT,ONLINE_SHOPPING,McDonald's,"Phoenix, AZ",False
TXN_000310,CUST_0027,2025-01-12 08:38:37,64.21,PAYMENT,RETAIL,McDonald's,"Phoenix, AZ",False
TXN_000311,CUST_0086,2024-08-21 05:26:07,38.11,PURCHASE,UTILITIES,McDonald's,"Chicago, IL",False
TXN_000312,CUST_0064,2024-11-17 19:39:20,39.6,TRANSFER,UTILITIES,Netflix,"San Diego, CA",False
TXN_000313,CUST_0044,2024-08-25 15:08:40,114.23,DEPOSIT,RESTAURANT,Home Depot,"San Diego, CA",False
TXN_000314,CUST_0044,2025-01-28 19:44:59,166.49,PAYMENT,ENTERTAINMENT,Target,"New York, NY",False
TXN_000315,CUST_0099,2024-09-26 02:17:11,544.54,PAYMENT,ENTERTAINMENT,Starbucks,"San Diego, CA",False
TXN_000316,CUST_0059,2024-08-16 05:16:05,345.94,TRANSFER,RETAIL,Target,"San Antonio, TX",False
TXN_000317,CUST_0003,2024-09-08 13:50:16,11.56,DEPOSIT,ENTERTAINMENT,Uber,"Houston, TX",False
TXN_000318,CUST_0057,2024-09-15 21:44:21,22.38,WITHDRAWAL,GAS_STATION,Shell,"Phoenix, AZ",False
TXN_000319,CUST_0093,2024-10-03 01:09:30,43.0,WITHDRAWAL,UTILITIES,Uber,"Los Angeles, CA",False
TXN_000320,CUST_0004,2025-01-06 10:01:28,67.98,WITHDRAWAL,TRAVEL,Home Depot,"San Diego, CA",False
TXN_000321,CUST_0073,2024-09-19 03:29:10,49.68,TRANSFER,GAS_STATION,Walmart,"San Diego, CA",False
TXN_000322,CUST_0004,2024-09-21 11:13:57,15.64,PURCHASE,ONLINE_SHOPPING,McDonald's,"San Diego, CA",False
TXN_000323,CUST_0070,2024-10-10 08:16:44,77.22,PURCHASE,RESTAURANT,Home Depot,"Chicago, IL",False
TXN_000324,CUST_0009,2024-11-13 18:37:11,12.5,PURCHASE,RESTAURANT,Airbnb,"New York, NY",False
TXN_000325,CUST_0023,2024-08-20 01:20:00,14.04,PAYMENT,UTILITIES,Airbnb,"Houston, TX",False
TXN_000326,CUST_0098,2024-09-01 00:09:19,7.18,PURCHASE,GAS_STATION,Airbnb,"Philadelphia, PA",False
TXN_000327,CUST_0058,2024-09-23 21:28:28,11.25,PURCHASE,ONLINE_SHOPPING,Shell,"Philadelphia, PA",False
TXN_000328,CUST_0045,2024-09-18 14:06:24,16.04,PURCHASE,TRAVEL,Target,"Houston, TX",False
TXN_000329,CUST_0042,2025-05-01 21:01:00,36.6,DEPOSIT,ONLINE_SHOPPING,Home Depot,"San Diego, CA",False
TXN_000330,CUST_0006,2025-01-12 09:51:01,17.74,DEPOSIT,TRAVEL,Home Depot,"Houston, TX",False
TXN_000331,CUST_0060,2024-10-02 22:59:32,57.18,WITHDRAWAL,TRAVEL,Netflix,"San Antonio, TX",False
TXN_000332,CUST_0046,2024-09-03 21:12:01,14.03,TRANSFER,UTILITIES,Walmart,"San Antonio, TX",False
TXN_000333,CUST_0081,2024-09-07 21:20:26,5.87,PAYMENT,UTILITIES,Home Depot,"San Antonio, TX",False
TXN_000334,CUST_0052,2024-10-20 02:14:35,92.65,PAYMENT,ENTERTAINMENT,Starbucks,"San Antonio, TX",False
TXN_000335,CUST_0046,2024-11-01 17:27:06,163.1,PAYMENT,RETAIL,Starbucks,"New York, NY",False
TXN_000336,CUST_0070,2024-09-24 19:27:42,70.14,WITHDRAWAL,TRAVEL,Target,"Phoenix, AZ",False
TXN_000337,CUST_0054,2024-08-16 18:56:48,120.9,PAYMENT,UTILITIES,Starbucks,"Philadelphia, PA",False
TXN_000338,CUST_0052,2025-03-27 07:11:07,16.53,TRANSFER,RESTAURANT,Amazon,"Philadelphia, PA",False
TXN_000339,CUST_0070,2025-03-09 07:10:57,23.18,PURCHASE,ONLINE_SHOPPING,Starbucks,"San Antonio, TX",False
TXN_000340,CUST_0075,2024-09-26 23:07:28,22.13,WITHDRAWAL,RETAIL,Target,"Phoenix, AZ",False
TXN_000341,CUST_0042,2024-10-11 01:18:19,96.69,TRANSFER,RESTAURANT,Shell,"San Diego, CA",False
TXN_000342,CUST_0066,2024-10-09 05:46:32,235.97,WITHDRAWAL,RETAIL,Uber,"New York, NY",False
TXN_000343,CUST_0096,2025-02-19 08:33:12,4.46,PAYMENT,ONLINE_SHOPPING,Starbucks,"San Antonio, TX",False
TXN_000344,CUST_0026,2024-10-26 09:51:07,17.5,TRANSFER,GROCERIES,Walmart,"San Antonio, TX",False
TXN_000345,CUST_0092,2025-01-12 02:12:44,68.5,WITHDRAWAL,RESTAURANT,Uber,"Los Angeles, CA",False
TXN_000346,CUST_0043,2025-07-11 04:39:43,662.61,DEPOSIT,GAS_STATION,Walmart,"Philadelphia, PA",False
TXN_000347,CUST_0066,2025-01-05 10:20:40,20.0,WITHDRAWAL,GROCERIES,Home Depot,"Houston, TX",False
TXN_000348,CUST_0042,2024-09-08 19:56:28,296.85,PAYMENT,UTILITIES,Home Depot,"San Antonio, TX",False
TXN_000349,CUST_0037,2024-11-26 08:44:46,120.0,PAYMENT,GROCERIES,Target,"San Diego, CA",False
TXN_000350,CUST_0090,2024-11-11 10:27:33,48.94,TRANSFER,RETAIL,Home Depot,"New York, NY",False
TXN_000351,CUST_0010,2024-08-21 18:32:43,51.95,WITHDRAWAL,RESTAURANT,Starbucks,"San Diego, CA",False
TXN_000352,CUST_0027,2024-11-21 14:41:37,68.64,PURCHASE,ONLINE_SHOPPING,Shell,"Houston, TX",False
TXN_000353,CUST_0084,2024-11-04 06:05:02,4.47,PAYMENT,RETAIL,McDonald's,"San Diego, CA",False
TXN_000354,CUST_0070,2024-12-16 16:31:38,117.98,TRANSFER,ENTERTAINMENT,Starbucks,"San Diego, CA",False
TXN_000355,CUST_0089,2024-09-19 01:28:03,51.48,PAYMENT,TRAVEL,Shell,"Houston, TX",False
TXN_000356,CUST_0021,2024-11-21 16:39:27,39.56,TRANSFER,ONLINE_SHOPPING,Netflix,"Philadelphia, PA",False
TXN_000357,CUST_0061,2024-09-24 05:26:37,30.31,TRANSFER,ONLINE_SHOPPING,Starbucks,"San Antonio, TX",False
TXN_000358,CUST_0078,2024-08-25 20:12:07,44.55,PURCHASE,RESTAURANT,Walmart,"Houston, TX",True
TXN_000359,CUST_0083,2024-08-29 07:16:22,36.43,PAYMENT,UTILITIES,Airbnb,"San Antonio, TX",False
TXN_000360,CUST_0022,2024-12-01 00:03:18,64.38,PAYMENT,GROCERIES,Uber,"San Antonio, TX",False
TXN_000361,CUST_0001,2024-09-20 01:58:37,12.75,DEPOSIT,RETAIL,Amazon,"New York, NY",False
TXN_000362,CUST_0058,2024-10-16 23:24:05,16.71,PURCHASE,ONLINE_SHOPPING,Starbucks,"Philadelphia, PA",False
TXN_000363,CUST_0008,2024-09-20 03:06:06,166.96,DEPOSIT,RETAIL,Starbucks,"Phoenix, AZ",False
TXN_000364,CUST_0020,2024-12-31 06:55:39,13.22,TRANSFER,RESTAURANT,McDonald's,"Chicago, IL",False
TXN_000365,CUST_0045,2025-01-11 19:57:35,404.74,PAYMENT,RESTAURANT,Uber,"Houston, TX",False
TXN_000366,CUST_0072,2025-07-10 06:00:01,9.8,DEPOSIT,RESTAURANT,Airbnb,"Houston, TX",False
TXN_000367,CUST_0056,2024-08-19 03:10:38,136.54,DEPOSIT,GAS_STATION,Home Depot,"Chicago, IL",False
TXN_000368,CUST_0011,2024-08-17 12:10:43,509.83,DEPOSIT,UTILITIES,Starbucks,"Philadelphia, PA",False
TXN_000369,CUST_0042,2024-08-29 23:23:35,50.1,DEPOSIT,TRAVEL,Netflix,"Chicago, IL",False
TXN_000370,CUST_0061,2025-08-13 06:15:19,155.06,TRANSFER,UTILITIES,Amazon,"Phoenix, AZ",False
TXN_000371,CUST_0037,2024-08-15 09:01:50,37.59,PURCHASE,GAS_STATION,McDonald's,"New York, NY",False
TXN_000372,CUST_0087,2025-01-16 07:58:46,63.38,WITHDRAWAL,ENTERTAINMENT,Airbnb,"Los Angeles, CA",False
TXN_000373,CUST_0025,2024-08-19 15:57:43,33.07,DEPOSIT,UTILITIES,Starbucks,"Phoenix, AZ",False
TXN_000374,CUST_0045,2024-08-25 11:51:14,9.76,PURCHASE,GAS_STATION,Shell,"San Diego, CA",False
TXN_000375,CUST_0038,2024-10-13 00:40:11,23.87,PURCHASE,GROCERIES,Home Depot,"Los Angeles, CA",False
TXN_000376,CUST_0057,2024-11-13 08:13:05,61.13,PAYMENT,RESTAURANT,Starbucks,"New York, NY",False
TXN_000377,CUST_0001,2024-08-30 23:57:57,60.77,TRANSFER,GAS_STATION,Starbucks,"New York, NY",False
TXN_000378,CUST_0071,2024-11-11 16:54:03,9.7,PURCHASE,TRAVEL,Uber,"Chicago, IL",False
TXN_000379,CUST_0036,2024-10-29 23:22:47,95.28,DEPOSIT,RETAIL,Amazon,"San Antonio, TX",False
TXN_000380,CUST_0059,2024-09-28 17:02:21,252.71,PAYMENT,TRAVEL,Home Depot,"San Diego, CA",False
TXN_000381,CUST_0039,2024-10-22 01:47:40,6.23,DEPOSIT,ONLINE_SHOPPING,Walmart,"San Antonio, TX",False
TXN_000382,CUST_0058,2025-08-13 06:15:19,24.32,WITHDRAWAL,UTILITIES,Uber,"San Diego, CA",False
TXN_000383,CUST_0086,2024-10-15 15:47:04,94.22,WITHDRAWAL,GROCERIES,Home Depot,"Phoenix, AZ",False
TXN_000384,CUST_0012,2025-06-09 21:43:31,38.53,DEPOSIT,UTILITIES,Shell,"Houston, TX",False
TXN_000385,CUST_0029,2024-09-15 03:46:52,361.36,PAYMENT,UTILITIES,Target,"Chicago, IL",False
TXN_000386,CUST_0007,2025-04-02 22:50:33,12.2,TRANSFER,GAS_STATION,Walmart,"Houston, TX",False
TXN_000387,CUST_0059,2024-09-04 04:28:53,48.96,DEPOSIT,ONLINE_SHOPPING,Uber,"Philadelphia, PA",False
TXN_000388,CUST_0066,2025-02-04 02:12:06,143.55,WITHDRAWAL,GROCERIES,Shell,"San Antonio, TX",False
TXN_000389,CUST_0016,2025-03-02 11:17:45,25.03,TRANSFER,GAS_STATION,McDonald's,"San Diego, CA",False
TXN_000390,CUST_0069,2024-11-13 23:39:09,52.85,WITHDRAWAL,RESTAURANT,Home Depot,"Chicago, IL",False
TXN_000391,CUST_0039,2024-09-29 01:41:29,11.81,PAYMENT,RETAIL,McDonald's,"Phoenix, AZ",False
TXN_000392,CUST_0093,2024-10-18 06:55:53,104.67,WITHDRAWAL,RETAIL,Amazon,"Phoenix, AZ",False
TXN_000393,CUST_0067,2024-08-20 15:24:33,17.85,PAYMENT,ENTERTAINMENT,McDonald's,"Los Angeles, CA",False
TXN_000394,CUST_0041,2025-04-03 07:43:27,14.55,PURCHASE,GROCERIES,Home Depot,"Chicago, IL",False
TXN_000395,CUST_0080,2025-02-13 21:09:11,3.91,PURCHASE,RESTAURANT,McDonald's,"San Antonio, TX",False
TXN_000396,CUST_0069,2025-06-06 19:34:36,60.08,WITHDRAWAL,RESTAURANT,Target,"Chicago, IL",False
TXN_000397,CUST_0060,2024-08-31 21:04:40,8.7,TRANSFER,TRAVEL,Starbucks,"Houston, TX",False
TXN_000398,CUST_0097,2024-08-15 12:10:51,117.94,PURCHASE,RESTAURANT,Home Depot,"San Diego, CA",False
TXN_000399,CUST_0006,2024-12-21 16:44:26,22.37,PAYMENT,ENTERTAINMENT,Target,"Los Angeles, CA",False
TXN_000400,CUST_0074,2024-10-31 10:21:00,46.03,WITHDRAWAL,RETAIL,Target,"San Antonio, TX",False
TXN_000401,CUST_0055,2025-01-12 18:46:20,138.78,DEPOSIT,ONLINE_SHOPPING,Uber,"New York, NY",False
TXN_000402,CUST_0065,2024-10-04 23:14:37,8.68,DEPOSIT,ENTERTAINMENT,Walmart,"Chicago, IL",False
TXN_000403,CUST_0028,2025-01-23 07:25:15,47.82,PAYMENT,UTILITIES,Netflix,"Houston, TX",False
TXN_000404,CUST_0054,2024-08-19 08:39:22,84.87,TRANSFER,RETAIL,Uber,"Houston, TX",False
TXN_000405,CUST_0055,2025-06-07 09:22:23,9.5,PAYMENT,UTILITIES,Netflix,"Chicago, IL",False
TXN_000406,CUST_0064,2024-12-22 12:29:13,26.55,DEPOSIT,UTILITIES,Target,"San Antonio, TX",False
TXN_000407,CUST_0079,2024-08-30 20:52:20,10.84,PURCHASE,TRAVEL,Amazon,"San Antonio, TX",False
TXN_000408,CUST_0040,2024-09-11 15:15:58,24.46,WITHDRAWAL,RESTAURANT,McDonald's,"Chicago, IL",False
TXN_000409,CUST_0009,2024-12-27 19:21:32,38.74,PURCHASE,ONLINE_SHOPPING,Walmart,"San Antonio, TX",False
TXN_000410,CUST_0020,2024-09-12 13:14:05,89.45,PAYMENT,RETAIL,Airbnb,"Los Angeles, CA",False
TXN_000411,CUST_0025,2024-09-20 16:28:38,3.19,PURCHASE,ONLINE_SHOPPING,Target,"San Diego, CA",False
TXN_000412,CUST_0003,2024-09-01 10:13:48,31.86,DEPOSIT,RESTAURANT,Target,"San Diego, CA",False
TXN_000413,CUST_0088,2024-10-25 22:40:34,25.26,PURCHASE,GAS_STATION,Amazon,"San Antonio, TX",False
TXN_000414,CUST_0083,2024-11-15 20:16:08,120.2,DEPOSIT,GAS_STATION,Amazon,"New York, NY",False
TXN_000415,CUST_0034,2024-09-02 05:58:11,82.93,WITHDRAWAL,GAS_STATION,McDonald's,"San Diego, CA",False
TXN_000416,CUST_0048,2024-09-01 18:43:32,20.0,WITHDRAWAL,GROCERIES,Starbucks,"Los Angeles, CA",False
TXN_000417,CUST_0060,2024-08-14 17:34:32,164.73,PAYMENT,RETAIL,Walmart,"San Diego, CA",False
TXN_000418,CUST_0015,2024-08-29 23:00:28,136.88,TRANSFER,ONLINE_SHOPPING,Starbucks,"San Antonio, TX",False
TXN_000419,CUST_0018,2025-03-18 08:10:54,10.3,PAYMENT,TRAVEL,Airbnb,"Philadelphia, PA",False
TXN_000420,CUST_0011,2024-09-07 04:34:00,110.89,PAYMENT,RETAIL,Uber,"Phoenix, AZ",False
TXN_000421,CUST_0012,2024-09-26 08:31:16,85.64,TRANSFER,TRAVEL,Netflix,"San Antonio, TX",False
TXN_000422,CUST_0040,2025-01-23 02:23:51,85.03,PAYMENT,UTILITIES,Home Depot,"Chicago, IL",False
TXN_000423,CUST_0069,2025-01-05 10:38:52,12.87,PURCHASE,ONLINE_SHOPPING,Target,"New York, NY",False
TXN_000424,CUST_0013,2024-10-08 03:42:22,11.2,TRANSFER,UTILITIES,Amazon,"Los Angeles, CA",False
TXN_000425,CUST_0099,2024-10-08 00:41:49,12.17,TRANSFER,RESTAURANT,Uber,"New York, NY",False
TXN_000426,CUST_0068,2025-01-18 18:19:24,82.83,TRANSFER,ENTERTAINMENT,Walmart,"Chicago, IL",False
TXN_000427,CUST_0100,2024-09-29 12:42:36,39.86,DEPOSIT,RESTAURANT,Uber,"Los Angeles, CA",False
TXN_000428,CUST_0092,2024-11-12 21:09:36,37.8,DEPOSIT,ENTERTAINMENT,Netflix,"Chicago, IL",False
TXN_000429,CUST_0010,2025-01-04 22:18:02,13.07,PURCHASE,UTILITIES,Uber,"Chicago, IL",False
TXN_000430,CUST_0026,2024-09-10 04:12:27,110.66,WITHDRAWAL,RESTAURANT,McDonald's,"Phoenix, AZ",False
TXN_000431,CUST_0078,2024-10-11 05:06:58,8.91,PAYMENT,RESTAURANT,Starbucks,"San Diego, CA",False
TXN_000432,CUST_0096,2025-01-13 03:29:54,42.77,PURCHASE,ONLINE_SHOPPING,Uber,"San Diego, CA",False
TXN_000433,CUST_0068,2024-11-19 08:06:57,25.93,DEPOSIT,RETAIL,Netflix,"New York, NY",False
TXN_000434,CUST_0075,2024-12-04 03:51:48,122.3,PURCHASE,RETAIL,Shell,"New York, NY",False
TXN_000435,CUST_0059,2024-11-13 23:22:17,13.22,DEPOSIT,ONLINE_SHOPPING,Walmart,"Houston, TX",False
TXN_000436,CUST_0024,2024-08-28 06:07:45,20.0,WITHDRAWAL,UTILITIES,Target,"San Antonio, TX",False
TXN_000437,CUST_0079,2025-07-04 18:05:46,20.0,WITHDRAWAL,ENTERTAINMENT,Airbnb,"Los Angeles, CA",False
TXN_000438,CUST_0088,2025-08-13 06:15:19,85.79,PAYMENT,UTILITIES,Starbucks,"New York, NY",False
TXN_000439,CUST_0013,2025-08-13 06:15:19,7.07,TRANSFER,ENTERTAINMENT,Netflix,"San Antonio, TX",False
TXN_000440,CUST_0064,2024-10-23 03:20:17,37.7,DEPOSIT,GROCERIES,Shell,"Philadelphia, PA",False
TXN_000441,CUST_0089,2024-11-11 17:42:40,1.8,PAYMENT,ONLINE_SHOPPING,Target,"Los Angeles, CA",False
TXN_000442,CUST_0043,2024-10-13 12:21:22,27.21,WITHDRAWAL,RETAIL,Shell,"San Antonio, TX",False
TXN_000443,CUST_0098,2024-12-28 10:41:49,20.03,PURCHASE,TRAVEL,Amazon,"New York, NY",False
TXN_000444,CUST_0037,2024-09-05 02:33:36,33.96,PAYMENT,GAS_STATION,Airbnb,"Chicago, IL",False
TXN_000445,CUST_0100,2024-10-24 04:55:56,61.53,WITHDRAWAL,GROCERIES,Walmart,"San Diego, CA",False
TXN_000446,CUST_0004,2024-10-24 02:02:37,43.35,WITHDRAWAL,RESTAURANT,Walmart,"Houston, TX",False
TXN_000447,CUST_0055,2024-08-16 21:13:44,50.14,WITHDRAWAL,ONLINE_SHOPPING,Walmart,"Phoenix, AZ",False
TXN_000448,CUST_0043,2024-12-03 20:01:28,37.98,WITHDRAWAL,GAS_STATION,Netflix,"Philadelphia, PA",False
TXN_000449,CUST_0030,2025-01-10 18:56:34,91.64,WITHDRAWAL,GAS_STATION,Walmart,"Houston, TX",False
TXN_000450,CUST_0049,2025-02-24 02:57:46,3.56,DEPOSIT,GAS_STATION,Airbnb,"Chicago, IL",False
TXN_000451,CUST_0047,2024-10-03 22:12:04,38.04,DEPOSIT,UTILITIES,Airbnb,"San Antonio, TX",False
TXN_000452,CUST_0060,2024-10-06 06:50:40,8.67,PAYMENT,RETAIL,Amazon,"New York, NY",False
TXN_000453,CUST_0042,2024-08-24 13:19:28,23.45,WITHDRAWAL,GROCERIES,Uber,"Philadelphia, PA",False
TXN_000454,CUST_0067,2024-11-22 00:30:02,9.3,DEPOSIT,GAS_STATION,Amazon,"Los Angeles, CA",False
TXN_000455,CUST_0001,2025-02-01 10:29:54,257.7,PAYMENT,RESTAURANT,McDonald's,"San Diego, CA",False
TXN_000456,CUST_0026,2024-10-23 23:01:53,16.97,PURCHASE,TRAVEL,Walmart,"New York, NY",False
TXN_000457,CUST_0059,2025-03-20 08:34:28,36.77,TRANSFER,ONLINE_SHOPPING,Starbucks,"Philadelphia, PA",False
TXN_000458,CUST_0078,2024-10-11 05:18:14,656.78,DEPOSIT,GAS_STATION,Walmart,"Phoenix, AZ",False
TXN_000459,CUST_0012,2025-01-19 10:34:07,7.43,PURCHASE,UTILITIES,Amazon,"Los Angeles, CA",False
TXN_000460,CUST_0006,2024-10-05 14:55:16,76.41,WITHDRAWAL,ENTERTAINMENT,Home Depot,"New York, NY",False
TXN_000461,CUST_0079,2024-12-11 12:33:52,20.49,DEPOSIT,ENTERTAINMENT,Home Depot,"Chicago, IL",False
TXN_000462,CUST_0079,2024-11-20 07:10:47,45.75,PAYMENT,GROCERIES,Airbnb,"San Antonio, TX",False
TXN_000463,CUST_0071,2025-03-19 17:07:04,247.64,WITHDRAWAL,GAS_STATION,Netflix,"Los Angeles, CA",False
TXN_000464,CUST_0098,2024-12-07 23:54:11,75.08,PAYMENT,GROCERIES,Walmart,"Los Angeles, CA",False
TXN_000465,CUST_0063,2024-11-28 11:40:35,137.0,DEPOSIT,ENTERTAINMENT,Walmart,"San Diego, CA",False
TXN_000466,CUST_0059,2025-01-21 16:11:51,208.33,WITHDRAWAL,GAS_STATION,Netflix,"Phoenix, AZ",False
TXN_000467,CUST_0015,2024-09-04 11:50:13,21.36,TRANSFER,RESTAURANT,Shell,"Philadelphia, PA",False
TXN_000468,CUST_0041,2024-08-21 15:53:12,17.27,PURCHASE,ONLINE_SHOPPING,Airbnb,"Los Angeles, CA",False
TXN_000469,CUST_0096,2024-10-18 09:33:42,9.22,PURCHASE,UTILITIES,Uber,"Los Angeles, CA",False
TXN_000470,CUST_0075,2024-09-09 17:35:48,42.43,WITHDRAWAL,TRAVEL,Home Depot,"Phoenix, AZ",False
TXN_000471,CUST_0017,2024-09-04 00:12:44,24.64,TRANSFER,GROCERIES,Starbucks,"Los Angeles, CA",False
TXN_000472,CUST_0020,2024-11-08 18:11:48,67.68,DEPOSIT,ONLINE_SHOPPING,Shell,"San Antonio, TX",False
TXN_000473,CUST_0019,2024-08-22 08:59:21,20.0,WITHDRAWAL,GAS_STATION,Shell,"Chicago, IL",False
TXN_000474,CUST_0066,2025-04-19 10:02:15,11.38,DEPOSIT,GROCERIES,Walmart,"San Diego, CA",False
TXN_000475,CUST_0063,2024-12-20 09:35:15,13.56,PURCHASE,ONLINE_SHOPPING,McDonald's,"San Antonio, TX",False
TXN_000476,CUST_0046,2024-12-26 14:18:01,110.16,PAYMENT,GROCERIES,Walmart,"New York, NY",False
TXN_000477,CUST_0010,2024-08-19 17:09:56,23.95,WITHDRAWAL,RETAIL,Netflix,"New York, NY",False
TXN_000478,CUST_0078,2024-10-31 03:49:41,372.63,WITHDRAWAL,GROCERIES,Home Depot,"New York, NY",False
TXN_000479,CUST_0045,2024-09-30 03:24:26,29.82,DEPOSIT,RETAIL,Home Depot,"Houston, TX",False
TXN_000480,CUST_0033,2024-12-14 02:44:22,84.66,WITHDRAWAL,ONLINE_SHOPPING,Starbucks,"San Diego, CA",False
TXN_000481,CUST_0066,2024-08-15 11:51:19,104.83,PAYMENT,RETAIL,Starbucks,"Chicago, IL",False
TXN_000482,CUST_0046,2024-11-12 22:51:43,57.68,TRANSFER,TRAVEL,Starbucks,"Philadelphia, PA",False
TXN_000483,CUST_0016,2024-09-19 06:45:59,16.68,TRANSFER,UTILITIES,Target,"Houston, TX",False
TXN_000484,CUST_0052,2025-01-29 09:42:12,41.92,PAYMENT,ENTERTAINMENT,Amazon,"Philadelphia, PA",False
TXN_000485,CUST_0084,2025-03-05 00:19:36,25.01,DEPOSIT,ENTERTAINMENT,Amazon,"Los Angeles, CA",False
TXN_000486,CUST_0069,2024-12-13 21:12:47,14.71,PAYMENT,RESTAURANT,McDonald's,"New York, NY",False
TXN_000487,CUST_0026,2024-08-17 11:58:27,60.88,PAYMENT,ONLINE_SHOPPING,Amazon,"San Antonio, TX",False
TXN_000488,CUST_0014,2024-09-13 01:26:39,106.55,WITHDRAWAL,RETAIL,Netflix,"Philadelphia, PA",False
TXN_000489,CUST_0034,2024-08-18 16:30:39,60.54,WITHDRAWAL,GROCERIES,Netflix,"Houston, TX",False
TXN_000490,CUST_0042,2024-08-31 10:38:33,47.41,WITHDRAWAL,GROCERIES,Starbucks,"Los Angeles, CA",False
TXN_000491,CUST_0069,2024-08-26 12:17:00,60.79,TRANSFER,RESTAURANT,Airbnb,"San Antonio, TX",False
TXN_000492,CUST_0012,2024-10-19 13:16:29,173.79,WITHDRAWAL,ONLINE_SHOPPING,Starbucks,"Los Angeles, CA",False
TXN_000493,CUST_0085,2025-01-23 19:48:59,28.44,TRANSFER,UTILITIES,Target,"Phoenix, AZ",False
TXN_000494,CUST_0086,2024-11-02 22:39:14,28.2,WITHDRAWAL,RETAIL,Uber,"San Antonio, TX",False
TXN_000495,CUST_0007,2024-09-16 05:04:31,20.0,WITHDRAWAL,GAS_STATION,McDonald's,"New York, NY",False
TXN_000496,CUST_0051,2024-12-26 05:21:55,22.55,DEPOSIT,TRAVEL,Shell,"San Diego, CA",False
TXN_000497,CUST_0070,2024-11-16 12:00:59,9.39,PURCHASE,TRAVEL,Home Depot,"Chicago, IL",False
TXN_000498,CUST_0074,2024-10-22 13:30:00,28.44,TRANSFER,GAS_STATION,Home Depot,"New York, NY",False
TXN_000499,CUST_0075,2025-01-17 06:02:02,65.21,PURCHASE,GROCERIES,Shell,"Los Angeles, CA",False
TXN_000500,CUST_0084,2024-10-11 21:02:47,46.06,WITHDRAWAL,GAS_STATION,Uber,"San Diego, CA",False
TXN_000501,CUST_0030,2024-09-27 22:58:28,63.36,WITHDRAWAL,ONLINE_SHOPPING,Uber,"New York, NY",False
TXN_000502,CUST_0068,2025-02-17 18:25:20,127.55,WITHDRAWAL,RESTAURANT,Home Depot,"San Antonio, TX",False
TXN_000503,CUST_0054,2024-08-31 20:45:00,94.48,TRANSFER,UTILITIES,McDonald's,"Phoenix, AZ",False
TXN_000504,CUST_0083,2024-09-24 07:25:58,53.29,WITHDRAWAL,GAS_STATION,Home Depot,"San Antonio, TX",False
TXN_000505,CUST_0076,2025-04-06 22:55:48,29.22,TRANSFER,GAS_STATION,Shell,"San Antonio, TX",False
TXN_000506,CUST_0026,2025-02-19 14:37:20,53.09,TRANSFER,TRAVEL,Airbnb,"San Diego, CA",False
TXN_000507,CUST_0015,2025-03-13 03:38:42,69.11,PAYMENT,UTILITIES,Target,"San Antonio, TX",False
TXN_000508,CUST_0007,2025-01-03 03:20:19,11.78,DEPOSIT,TRAVEL,Starbucks,"Phoenix, AZ",False
TXN_000509,CUST_0070,2024-10-16 12:51:57,48.3,DEPOSIT,ONLINE_SHOPPING,Walmart,"Chicago, IL",False
TXN_000510,CUST_0040,2024-09-05 07:53:05,39.11,DEPOSIT,ONLINE_SHOPPING,Starbucks,"San Diego, CA",False
TXN_000511,CUST_0080,2025-01-25 14:01:17,52.09,WITHDRAWAL,TRAVEL,Walmart,"Houston, TX",False
TXN_000512,CUST_0009,2024-10-29 13:23:57,18.07,TRANSFER,TRAVEL,Amazon,"Phoenix, AZ",False
TXN_000513,CUST_0098,2025-05-14 04:56:55,15.59,PAYMENT,RESTAURANT,Home Depot,"Philadelphia, PA",False
TXN_000514,CUST_0068,2024-11-20 06:45:53,1.11,PURCHASE,TRAVEL,Amazon,"Los Angeles, CA",False
TXN_000515,CUST_0043,2025-01-20 05:00:07,5.94,PAYMENT,UTILITIES,Starbucks,"San Antonio, TX",False
TXN_000516,CUST_0018,2024-08-18 01:46:24,16.9,TRANSFER,RETAIL,Target,"Houston, TX",False
TXN_000517,CUST_0067,2024-11-23 12:45:28,14.71,PAYMENT,RETAIL,Airbnb,"San Antonio, TX",False
TXN_000518,CUST_0045,2024-09-10 00:57:06,8.91,TRANSFER,RETAIL,Starbucks,"Phoenix, AZ",False
TXN_000519,CUST_0098,2024-10-16 13:33:14,65.27,WITHDRAWAL,GAS_STATION,Walmart,"Philadelphia, PA",False
TXN_000520,CUST_0038,2025-01-19 01:23:09,117.62,TRANSFER,GROCERIES,Starbucks,"San Antonio, TX",False
TXN_000521,CUST_0087,2024-08-13 23:58:04,133.1,DEPOSIT,GAS_STATION,Airbnb,"San Antonio, TX",False
TXN_000522,CUST_0077,2025-03-01 00:58:06,35.04,TRANSFER,UTILITIES,Starbucks,"Chicago, IL",False
TXN_000523,CUST_0086,2024-12-08 02:17:58,52.02,WITHDRAWAL,ENTERTAINMENT,Shell,"San Diego, CA",False
TXN_000524,CUST_0068,2025-03-11 10:17:34,134.59,WITHDRAWAL,ONLINE_SHOPPING,Starbucks,"San Antonio, TX",False
TXN_000525,CUST_0023,2025-08-05 06:21:13,36.07,PAYMENT,RESTAURANT,Target,"Philadelphia, PA",False
TXN_000526,CUST_0062,2024-10-24 05:58:12,1.55,TRANSFER,ONLINE_SHOPPING,Netflix,"New York, NY",False
TXN_000527,CUST_0044,2024-08-21 02:08:43,26.83,DEPOSIT,GAS_STATION,Airbnb,"Phoenix, AZ",False
TXN_000528,CUST_0069,2024-10-12 02:05:43,80.9,WITHDRAWAL,RETAIL,Amazon,"Phoenix, AZ",False
TXN_000529,CUST_0008,2024-08-26 13:45:49,8.62,PURCHASE,GROCERIES,Walmart,"Phoenix, AZ",False
TXN_000530,CUST_0058,2024-08-27 16:44:44,16.41,TRANSFER,UTILITIES,Amazon,"Houston, TX",False
TXN_000531,CUST_0050,2024-08-14 07:37:14,80.82,PURCHASE,RETAIL,Home Depot,"San Antonio, TX",False
TXN_000532,CUST_0006,2025-04-09 19:15:29,70.88,WITHDRAWAL,RETAIL,Uber,"Philadelphia, PA",False
TXN_000533,CUST_0087,2024-08-18 10:38:29,3.87,PURCHASE,TRAVEL,Walmart,"New York, NY",False
TXN_000534,CUST_0003,2025-02-01 01:40:30,68.41,DEPOSIT,RESTAURANT,Airbnb,"San Antonio, TX",False
TXN_000535,CUST_0055,2024-08-20 23:38:14,24.35,TRANSFER,ENTERTAINMENT,McDonald's,"Chicago, IL",False
TXN_000536,CUST_0077,2024-09-24 21:47:21,11.73,PURCHASE,GAS_STATION,Amazon,"Chicago, IL",True
TXN_000537,CUST_0007,2024-11-05 16:47:51,56.62,WITHDRAWAL,ENTERTAINMENT,Target,"San Antonio, TX",True
TXN_000538,CUST_0062,2024-12-09 07:43:17,35.1,PURCHASE,GAS_STATION,Shell,"Philadelphia, PA",False
TXN_000539,CUST_0071,2024-10-28 11:20:28,17.79,TRANSFER,GAS_STATION,Airbnb,"Chicago, IL",False
TXN_000540,CUST_0012,2024-08-27 13:40:45,23.15,DEPOSIT,GROCERIES,Walmart,"San Antonio, TX",False
TXN_000541,CUST_0032,2024-10-08 18:57:42,189.41,TRANSFER,RESTAURANT,Starbucks,"New York, NY",False
TXN_000542,CUST_0085,2024-09-07 16:05:12,18.57,PURCHASE,RESTAURANT,Netflix,"Houston, TX",False
TXN_000543,CUST_0086,2024-10-11 05:35:05,106.33,DEPOSIT,GAS_STATION,Uber,"Philadelphia, PA",False
TXN_000544,CUST_0095,2024-12-17 20:24:42,158.24,TRANSFER,UTILITIES,Airbnb,"Chicago, IL",False
TXN_000545,CUST_0073,2024-09-10 05:33:13,82.39,DEPOSIT,GROCERIES,Target,"Chicago, IL",False
TXN_000546,CUST_0078,2024-12-07 15:53:08,23.33,TRANSFER,ENTERTAINMENT,Starbucks,"San Antonio, TX",False
TXN_000547,CUST_0088,2024-08-28 05:21:17,21.87,PURCHASE,ENTERTAINMENT,Home Depot,"New York, NY",False
TXN_000548,CUST_0068,2024-10-04 04:45:23,98.98,PURCHASE,RETAIL,Netflix,"San Antonio, TX",False
TXN_000549,CUST_0034,2024-08-19 21:14:01,12.32,PAYMENT,UTILITIES,McDonald's,"Los Angeles, CA",False
TXN_000550,CUST_0032,2024-09-06 19:09:08,94.31,WITHDRAWAL,ONLINE_SHOPPING,Walmart,"San Antonio, TX",False
TXN_000551,CUST_0013,2024-10-30 23:06:18,45.01,TRANSFER,RESTAURANT,Shell,"San Diego, CA",False
TXN_000552,CUST_0074,2024-08-14 00:03:42,18.45,PAYMENT,TRAVEL,McDonald's,"Houston, TX",False
TXN_000553,CUST_0024,2025-06-18 15:08:57,3.73,DEPOSIT,RESTAURANT,Uber,"Houston, TX",False
TXN_000554,CUST_0089,2025-01-10 15:30:09,17.86,TRANSFER,ONLINE_SHOPPING,McDonald's,"New York, NY",False
TXN_000555,CUST_0036,2024-09-19 18:41:11,14.31,DEPOSIT,RESTAURANT,Home Depot,"Philadelphia, PA",False
TXN_000556,CUST_0055,2025-02-27 11:08:20,77.5,TRANSFER,TRAVEL,Shell,"Houston, TX",False
TXN_000557,CUST_0039,2024-08-18 15:52:18,59.38,PURCHASE,GROCERIES,Airbnb,"San Diego, CA",False
TXN_000558,CUST_0080,2024-11-05 11:52:05,226.99,DEPOSIT,ONLINE_SHOPPING,Home Depot,"Chicago, IL",False
TXN_000559,CUST_0071,2024-09-01 09:29:45,70.77,WITHDRAWAL,RESTAURANT,Netflix,"Phoenix, AZ",False
TXN_000560,CUST_0066,2025-05-05 16:29:45,509.74,TRANSFER,GAS_STATION,Airbnb,"Houston, TX",False
TXN_000561,CUST_0071,2024-09-17 15:16:25,53.79,PAYMENT,UTILITIES,McDonald's,"Los Angeles, CA",False
TXN_000562,CUST_0086,2024-11-20 06:08:59,78.18,TRANSFER,TRAVEL,Shell,"New York, NY",False
TXN_000563,CUST_0052,2024-09-13 03:00:00,35.86,WITHDRAWAL,ONLINE_SHOPPING,Shell,"Philadelphia, PA",False
TXN_000564,CUST_0095,2024-09-17 10:26:00,56.03,WITHDRAWAL,RETAIL,Target,"San Antonio, TX",False
TXN_000565,CUST_0097,2024-08-24 03:42:49,1354.48,DEPOSIT,TRAVEL,Shell,"San Antonio, TX",False
TXN_000566,CUST_0092,2025-03-03 18:08:09,5.71,PAYMENT,ONLINE_SHOPPING,Home Depot,"Phoenix, AZ",False
TXN_000567,CUST_0027,2024-09-07 02:08:16,139.08,WITHDRAWAL,TRAVEL,Home Depot,"San Diego, CA",False
TXN_000568,CUST_0095,2024-11-06 03:56:12,20.19,PAYMENT,GAS_STATION,Amazon,"San Antonio, TX",False
TXN_000569,CUST_0004,2024-10-14 14:56:52,121.03,PAYMENT,ENTERTAINMENT,McDonald's,"Philadelphia, PA",False
TXN_000570,CUST_0066,2024-08-20 00:16:00,102.65,DEPOSIT,RESTAURANT,Walmart,"San Antonio, TX",False
TXN_000571,CUST_0099,2024-10-29 17:42:27,17.29,TRANSFER,GAS_STATION,Home Depot,"Phoenix, AZ",False
TXN_000572,CUST_0009,2024-10-07 22:18:05,30.39,TRANSFER,ENTERTAINMENT,Home Depot,"Los Angeles, CA",False
TXN_000573,CUST_0076,2024-10-03 00:05:31,21.74,PAYMENT,ONLINE_SHOPPING,Shell,"Phoenix, AZ",False
TXN_000574,CUST_0090,2024-12-16 21:36:35,2.31,TRANSFER,ONLINE_SHOPPING,Walmart,"San Diego, CA",False
TXN_000575,CUST_0037,2024-08-28 07:22:19,3.91,PAYMENT,UTILITIES,McDonald's,"Los Angeles, CA",False
TXN_000576,CUST_0058,2024-11-06 07:14:26,2.16,PURCHASE,TRAVEL,Walmart,"Phoenix, AZ",False
TXN_000577,CUST_0071,2024-09-03 15:23:03,78.56,PAYMENT,TRAVEL,Starbucks,"San Diego, CA",False
TXN_000578,CUST_0058,2024-11-14 08:07:34,20.0,WITHDRAWAL,TRAVEL,Airbnb,"San Antonio, TX",False
TXN_000579,CUST_0094,2025-01-01 14:01:56,71.46,PAYMENT,ONLINE_SHOPPING,McDonald's,"San Antonio, TX",False
TXN_000580,CUST_0023,2024-10-02 18:38:15,53.16,PAYMENT,RETAIL,McDonald's,"San Antonio, TX",True
TXN_000581,CUST_0014,2025-08-13 06:15:19,60.02,PURCHASE,GAS_STATION,Amazon,"New York, NY",False
TXN_000582,CUST_0043,2025-02-11 12:33:52,4.26,PAYMENT,ENTERTAINMENT,Home Depot,"Houston, TX",False
TXN_000583,CUST_0027,2024-12-09 15:11:26,107.78,WITHDRAWAL,GAS_STATION,Home Depot,"Houston, TX",False
TXN_000584,CUST_0025,2024-08-24 10:14:08,54.66,DEPOSIT,GAS_STATION,McDonald's,"Phoenix, AZ",False
TXN_000585,CUST_0066,2024-08-20 14:28:05,90.94,WITHDRAWAL,GROCERIES,Walmart,"New York, NY",False
TXN_000586,CUST_0001,2024-08-16 14:49:16,56.82,PAYMENT,ENTERTAINMENT,Amazon,"Philadelphia, PA",False
TXN_000587,CUST_0055,2024-09-01 14:32:21,32.21,TRANSFER,GAS_STATION,Amazon,"San Diego, CA",True
TXN_000588,CUST_0028,2024-09-07 09:35:48,15.49,DEPOSIT,UTILITIES,Airbnb,"Los Angeles, CA",False
TXN_000589,CUST_0011,2025-02-08 01:17:08,36.37,WITHDRAWAL,GAS_STATION,Target,"Los Angeles, CA",False
TXN_000590,CUST_0041,2024-09-26 00:59:12,3.56,DEPOSIT,RETAIL,Netflix,"New York, NY",False
TXN_000591,CUST_0026,2024-09-04 03:49:20,52.49,WITHDRAWAL,RETAIL,Walmart,"Houston, TX",False
TXN_000592,CUST_0056,2024-08-20 15:06:13,59.56,TRANSFER,GROCERIES,Home Depot,"Chicago, IL",False
TXN_000593,CUST_0065,2024-08-24 14:27:28,50.3,DEPOSIT,ONLINE_SHOPPING,Starbucks,"Houston, TX",False
TXN_000594,CUST_0068,2025-04-27 14:38:26,11.28,PAYMENT,TRAVEL,Airbnb,"Los Angeles, CA",False
TXN_000595,CUST_0022,2024-09-08 07:38:28,114.51,TRANSFER,UTILITIES,Home Depot,"Phoenix, AZ",False
TXN_000596,CUST_0017,2025-03-22 21:03:29,192.58,DEPOSIT,UTILITIES,Walmart,"Phoenix, AZ",False
TXN_000597,CUST_0002,2024-12-08 22:53:47,9.24,DEPOSIT,RESTAURANT,Starbucks,"Los Angeles, CA",False
TXN_000598,CUST_0041,2025-01-11 23:48:10,78.73,PAYMENT,RETAIL,Netflix,"Philadelphia, PA",False
TXN_000599,CUST_0012,2024-09-19 10:05:54,17.9,PURCHASE,ONLINE_SHOPPING,Home Depot,"New York, NY",False
TXN_000600,CUST_0049,2024-09-11 09:47:21,11.09,TRANSFER,UTILITIES,Airbnb,"Phoenix, AZ",False
TXN_000601,CUST_0078,2024-09-25 06:22:22,51.24,WITHDRAWAL,GROCERIES,Walmart,"Houston, TX",False
TXN_000602,CUST_0080,2025-05-14 06:04:33,23.09,DEPOSIT,UTILITIES,Home Depot,"San Diego, CA",False
TXN_000603,CUST_0045,2024-11-07 21:57:12,102.87,WITHDRAWAL,UTILITIES,Starbucks,"San Antonio, TX",False
TXN_000604,CUST_0078,2024-12-04 20:34:01,16.7,TRANSFER,RETAIL,Target,"Houston, TX",False
TXN_000605,CUST_0005,2024-08-27 20:23:15,16.19,PAYMENT,RESTAURANT,Home Depot,"New York, NY",False
TXN_000606,CUST_0030,2024-08-22 23:16:44,42.98,WITHDRAWAL,UTILITIES,Starbucks,"New York, NY",False
TXN_000607,CUST_0051,2024-08-31 11:27:28,150.7,TRANSFER,TRAVEL,Target,"Phoenix, AZ",False
TXN_000608,CUST_0069,2024-10-11 07:10:53,94.84,TRANSFER,TRAVEL,Airbnb,"Los Angeles, CA",False
TXN_000609,CUST_0030,2024-08-20 14:13:24,32.79,DEPOSIT,ONLINE_SHOPPING,McDonald's,"Chicago, IL",False
TXN_000610,CUST_0060,2024-11-11 17:59:54,61.96,WITHDRAWAL,RETAIL,Target,"Chicago, IL",False
TXN_000611,CUST_0098,2024-10-06 06:47:44,23.06,PAYMENT,ONLINE_SHOPPING,Target,"Chicago, IL",False
TXN_000612,CUST_0030,2024-10-22 18:59:59,21.78,PURCHASE,RESTAURANT,Starbucks,"San Diego, CA",False
TXN_000613,CUST_0025,2024-11-30 10:13:35,16.84,DEPOSIT,TRAVEL,Home Depot,"Chicago, IL",True
TXN_000614,CUST_0062,2024-10-26 17:41:24,76.11,WITHDRAWAL,ENTERTAINMENT,Airbnb,"New York, NY",True
TXN_000615,CUST_0083,2025-03-11 14:47:32,39.32,PURCHASE,RETAIL,Uber,"Phoenix, AZ",False
TXN_000616,CUST_0092,2024-08-20 10:38:21,11.33,PURCHASE,UTILITIES,Walmart,"Chicago, IL",False
TXN_000617,CUST_0023,2024-08-18 16:42:56,82.98,WITHDRAWAL,ENTERTAINMENT,Walmart,"Los Angeles, CA",False
TXN_000618,CUST_0048,2024-10-18 18:59:53,20.57,WITHDRAWAL,UTILITIES,Target,"Philadelphia, PA",False
TXN_000619,CUST_0088,2024-11-11 10:25:36,4.99,PURCHASE,ONLINE_SHOPPING,Home Depot,"Philadelphia, PA",False
TXN_000620,CUST_0078,2024-09-23 02:50:52,53.11,WITHDRAWAL,RESTAURANT,McDonald's,"Chicago, IL",False
TXN_000621,CUST_0023,2024-10-13 05:38:09,51.49,WITHDRAWAL,ENTERTAINMENT,Airbnb,"San Antonio, TX",False
TXN_000622,CUST_0052,2024-10-04 09:42:01,82.6,PAYMENT,GAS_STATION,Target,"Chicago, IL",False
TXN_000623,CUST_0003,2024-08-22 01:23:12,7.52,DEPOSIT,RESTAURANT,Target,"San Antonio, TX",False
TXN_000624,CUST_0073,2024-09-01 11:19:20,104.49,PAYMENT,GROCERIES,Starbucks,"Phoenix, AZ",False
TXN_000625,CUST_0001,2024-12-03 04:02:46,8.09,PAYMENT,RESTAURANT,McDonald's,"Houston, TX",False
TXN_000626,CUST_0011,2024-12-06 16:36:02,12.85,PAYMENT,UTILITIES,Home Depot,"New York, NY",False
TXN_000627,CUST_0043,2024-09-27 20:22:43,18.49,PURCHASE,ENTERTAINMENT,Target,"Philadelphia, PA",False
TXN_000628,CUST_0031,2025-02-03 19:25:19,66.32,WITHDRAWAL,GAS_STATION,Airbnb,"San Diego, CA",False
TXN_000629,CUST_0065,2024-08-26 05:26:14,66.75,WITHDRAWAL,GROCERIES,Shell,"Chicago, IL",False
TXN_000630,CUST_0070,2024-10-25 16:56:29,87.5,TRANSFER,ONLINE_SHOPPING,Walmart,"San Antonio, TX",False
TXN_000631,CUST_0040,2024-09-24 00:50:30,59.63,DEPOSIT,UTILITIES,Netflix,"Philadelphia, PA",False
TXN_000632,CUST_0069,2024-09-16 09:21:42,63.89,DEPOSIT,RESTAURANT,Walmart,"Los Angeles, CA",False
TXN_000633,CUST_0088,2025-07-14 07:08:30,34.2,PAYMENT,GROCERIES,Target,"San Diego, CA",False
TXN_000634,CUST_0027,2025-05-09 11:29:15,50.82,PAYMENT,ONLINE_SHOPPING,Starbucks,"Phoenix, AZ",False
TXN_000635,CUST_0085,2024-10-13 19:09:38,42.64,PAYMENT,TRAVEL,Home Depot,"Philadelphia, PA",False
TXN_000636,CUST_0041,2024-08-29 10:33:19,12.32,PURCHASE,ONLINE_SHOPPING,Amazon,"Houston, TX",False
TXN_000637,CUST_0048,2024-08-30 08:43:40,150.09,DEPOSIT,ENTERTAINMENT,Airbnb,"San Antonio, TX",False
TXN_000638,CUST_0054,2025-01-30 12:54:24,75.45,PAYMENT,ONLINE_SHOPPING,Uber,"San Diego, CA",False
TXN_000639,CUST_0033,2024-08-27 11:18:34,123.47,WITHDRAWAL,ONLINE_SHOPPING,Home Depot,"San Antonio, TX",False
TXN_000640,CUST_0089,2024-08-23 17:05:18,63.92,TRANSFER,GAS_STATION,Netflix,"San Diego, CA",False
TXN_000641,CUST_0050,2024-11-18 20:21:26,46.89,DEPOSIT,ONLINE_SHOPPING,McDonald's,"San Diego, CA",False
TXN_000642,CUST_0041,2025-01-04 07:02:37,87.77,WITHDRAWAL,ENTERTAINMENT,Starbucks,"Los Angeles, CA",False
TXN_000643,CUST_0069,2024-08-26 20:31:35,60.11,DEPOSIT,UTILITIES,Walmart,"New York, NY",False
TXN_000644,CUST_0025,2024-09-03 12:56:34,8.66,PURCHASE,GAS_STATION,Starbucks,"Philadelphia, PA",False
TXN_000645,CUST_0019,2025-01-19 15:32:15,16.75,PAYMENT,TRAVEL,Target,"New York, NY",False
TXN_000646,CUST_0033,2025-05-12 21:25:22,58.86,PURCHASE,UTILITIES,Amazon,"San Diego, CA",False
TXN_000647,CUST_0034,2024-09-22 21:56:13,43.1,TRANSFER,UTILITIES,Walmart,"San Diego, CA",False
TXN_000648,CUST_0007,2024-09-21 06:58:18,42.59,WITHDRAWAL,UTILITIES,Amazon,"New York, NY",False
TXN_000649,CUST_0021,2025-07-15 23:48:44,12.18,TRANSFER,RESTAURANT,Starbucks,"New York, NY",False
TXN_000650,CUST_0066,2024-08-21 05:34:34,16.39,PAYMENT,RESTAURANT,Starbucks,"Philadelphia, PA",False
TXN_000651,CUST_0097,2024-12-19 13:13:21,73.06,PAYMENT,GAS_STATION,Airbnb,"Philadelphia, PA",False
TXN_000652,CUST_0054,2024-09-02 12:59:30,28.7,WITHDRAWAL,RESTAURANT,Home Depot,"San Diego, CA",False
TXN_000653,CUST_0017,2024-10-25 11:49:10,74.91,TRANSFER,GAS_STATION,Shell,"Los Angeles, CA",False
TXN_000654,CUST_0009,2024-11-28 19:39:32,26.09,TRANSFER,UTILITIES,Amazon,"Philadelphia, PA",False
TXN_000655,CUST_0053,2024-08-24 22:08:07,35.19,DEPOSIT,RETAIL,Shell,"Phoenix, AZ",False
TXN_000656,CUST_0079,2025-03-13 09:59:04,197.9,DEPOSIT,GAS_STATION,Starbucks,"San Antonio, TX",False
TXN_000657,CUST_0004,2024-12-11 10:52:23,27.45,DEPOSIT,RESTAURANT,Uber,"Phoenix, AZ",False
TXN_000658,CUST_0011,2025-01-13 02:53:05,167.81,WITHDRAWAL,GAS_STATION,Amazon,"New York, NY",False
TXN_000659,CUST_0099,2024-09-01 11:36:37,15.43,TRANSFER,RETAIL,Netflix,"New York, NY",False
TXN_000660,CUST_0021,2024-12-28 03:45:23,35.46,DEPOSIT,ONLINE_SHOPPING,Starbucks,"Houston, TX",False
TXN_000661,CUST_0096,2024-09-10 21:25:14,6.08,PAYMENT,ONLINE_SHOPPING,Home Depot,"Los Angeles, CA",False
TXN_000662,CUST_0097,2024-10-13 21:01:14,15.82,PURCHASE,RESTAURANT,Target,"Philadelphia, PA",False
TXN_000663,CUST_0086,2024-08-14 06:24:05,19.23,TRANSFER,ENTERTAINMENT,Walmart,"San Diego, CA",False
TXN_000664,CUST_0007,2024-08-24 22:19:12,18.32,TRANSFER,TRAVEL,McDonald's,"Chicago, IL",False
TXN_000665,CUST_0088,2024-08-27 20:03:23,56.99,WITHDRAWAL,RETAIL,Home Depot,"Houston, TX",False
TXN_000666,CUST_0082,2024-09-20 04:12:10,106.26,TRANSFER,GAS_STATION,McDonald's,"Phoenix, AZ",False
TXN_000667,CUST_0053,2024-10-03 12:07:16,39.72,DEPOSIT,GAS_STATION,Airbnb,"Phoenix, AZ",False
TXN_000668,CUST_0098,2024-09-27 03:22:45,4.1,TRANSFER,ENTERTAINMENT,Shell,"Los Angeles, CA",False
TXN_000669,CUST_0004,2024-08-20 13:28:16,163.77,TRANSFER,RESTAURANT,Home Depot,"Los Angeles, CA",False
TXN_000670,CUST_0020,2024-08-30 14:18:07,3.55,TRANSFER,RESTAURANT,Netflix,"San Antonio, TX",False
TXN_000671,CUST_0023,2025-04-22 13:47:21,206.64,WITHDRAWAL,GAS_STATION,Airbnb,"San Diego, CA",False
TXN_000672,CUST_0045,2025-01-19 22:09:03,47.76,TRANSFER,GROCERIES,Amazon,"San Antonio, TX",False
TXN_000673,CUST_0079,2024-09-23 10:20:07,131.27,WITHDRAWAL,ONLINE_SHOPPING,Walmart,"San Diego, CA",False
TXN_000674,CUST_0010,2024-10-16 07:32:37,2.39,DEPOSIT,GAS_STATION,Target,"Houston, TX",False
TXN_000675,CUST_0054,2025-02-28 10:41:16,107.69,DEPOSIT,GROCERIES,Target,"Phoenix, AZ",False
TXN_000676,CUST_0097,2025-02-09 18:28:10,6.17,TRANSFER,ONLINE_SHOPPING,McDonald's,"Houston, TX",False
TXN_000677,CUST_0097,2025-02-14 20:18:13,174.68,TRANSFER,GROCERIES,Starbucks,"New York, NY",False
TXN_000678,CUST_0040,2024-08-28 12:44:52,24.24,PURCHASE,GROCERIES,Home Depot,"Los Angeles, CA",False
TXN_000679,CUST_0009,2024-08-28 16:01:00,111.3,DEPOSIT,GAS_STATION,McDonald's,"Chicago, IL",False
TXN_000680,CUST_0048,2024-10-10 17:13:29,7.75,DEPOSIT,UTILITIES,McDonald's,"San Diego, CA",False
TXN_000681,CUST_0054,2024-10-22 08:39:54,56.09,TRANSFER,GROCERIES,Walmart,"San Antonio, TX",False
TXN_000682,CUST_0052,2024-12-21 14:40:25,2.24,PAYMENT,RETAIL,Walmart,"Phoenix, AZ",False
TXN_000683,CUST_0077,2024-11-07 08:14:03,44.7,PAYMENT,ONLINE_SHOPPING,Walmart,"Houston, TX",False
TXN_000684,CUST_0057,2024-10-07 19:48:09,34.84,WITHDRAWAL,GROCERIES,Amazon,"Chicago, IL",False
TXN_000685,CUST_0012,2025-03-06 10:25:28,40.91,PURCHASE,ENTERTAINMENT,Uber,"San Diego, CA",False
TXN_000686,CUST_0001,2024-09-03 07:47:32,1387.82,TRANSFER,RETAIL,Uber,"Chicago, IL",False
TXN_000687,CUST_0077,2024-12-02 17:46:47,59.67,DEPOSIT,ONLINE_SHOPPING,Uber,"New York, NY",False
TXN_000688,CUST_0058,2024-12-14 22:58:44,57.6,DEPOSIT,ENTERTAINMENT,Netflix,"San Antonio, TX",False
TXN_000689,CUST_0062,2025-07-24 18:44:39,39.12,PURCHASE,RETAIL,Airbnb,"San Diego, CA",False
TXN_000690,CUST_0044,2024-09-09 17:40:39,30.72,PAYMENT,GAS_STATION,Uber,"San Antonio, TX",False
TXN_000691,CUST_0033,2025-02-06 13:49:03,7.71,TRANSFER,UTILITIES,Airbnb,"Phoenix, AZ",False
TXN_000692,CUST_0085,2024-11-08 08:34:45,57.25,PAYMENT,RESTAURANT,McDonald's,"Phoenix, AZ",False
TXN_000693,CUST_0013,2024-10-27 18:34:36,44.36,PURCHASE,TRAVEL,Amazon,"Philadelphia, PA",False
TXN_000694,CUST_0039,2024-09-15 01:53:18,69.09,WITHDRAWAL,TRAVEL,Walmart,"Houston, TX",False
TXN_000695,CUST_0091,2024-11-21 16:56:09,2.52,PURCHASE,GAS_STATION,Walmart,"San Diego, CA",False
TXN_000696,CUST_0093,2024-11-08 17:51:02,19.65,PURCHASE,TRAVEL,Uber,"San Diego, CA",False
TXN_000697,CUST_0038,2024-10-05 15:48:24,102.31,PAYMENT,GROCERIES,Netflix,"Los Angeles, CA",False
TXN_000698,CUST_0048,2024-09-30 23:07:53,13.61,PURCHASE,ENTERTAINMENT,McDonald's,"Los Angeles, CA",False
TXN_000699,CUST_0043,2024-08-28 00:42:59,38.48,WITHDRAWAL,GAS_STATION,Uber,"New York, NY",False
TXN_000700,CUST_0096,2024-10-20 03:57:02,4.71,TRANSFER,RESTAURANT,Home Depot,"San Diego, CA",False
TXN_000701,CUST_0076,2024-08-21 02:44:49,8.7,DEPOSIT,ONLINE_SHOPPING,McDonald's,"Philadelphia, PA",False
TXN_000702,CUST_0022,2024-08-15 09:16:57,205.73,DEPOSIT,UTILITIES,Netflix,"Phoenix, AZ",False
TXN_000703,CUST_0050,2025-08-13 06:15:19,21.86,PURCHASE,ENTERTAINMENT,Home Depot,"New York, NY",False
TXN_000704,CUST_0062,2024-10-21 09:49:37,9.84,PURCHASE,RESTAURANT,McDonald's,"Houston, TX",False
TXN_000705,CUST_0034,2025-08-13 06:15:19,322.22,TRANSFER,RESTAURANT,Walmart,"Houston, TX",False
TXN_000706,CUST_0063,2024-11-28 12:58:14,49.44,WITHDRAWAL,UTILITIES,Airbnb,"Philadelphia, PA",False
TXN_000707,CUST_0047,2025-04-28 19:59:48,79.3,PAYMENT,TRAVEL,Amazon,"Chicago, IL",False
TXN_000708,CUST_0082,2024-09-26 20:33:17,472.65,DEPOSIT,TRAVEL,Uber,"San Diego, CA",False
TXN_000709,CUST_0018,2024-10-20 01:36:40,246.67,DEPOSIT,GAS_STATION,Netflix,"Philadelphia, PA",False
TXN_000710,CUST_0055,2024-09-06 19:29:43,16.32,TRANSFER,RETAIL,Uber,"San Antonio, TX",False
TXN_000711,CUST_0025,2024-08-28 22:51:22,32.45,WITHDRAWAL,GAS_STATION,Uber,"Chicago, IL",False
TXN_000712,CUST_0073,2024-08-22 02:50:13,68.89,TRANSFER,GROCERIES,Netflix,"Chicago, IL",False
TXN_000713,CUST_0039,2024-09-05 09:48:45,29.74,PURCHASE,TRAVEL,Target,"San Antonio, TX",False
TXN_000714,CUST_0015,2024-10-29 06:45:20,78.48,WITHDRAWAL,RESTAURANT,Target,"Phoenix, AZ",False
TXN_000715,CUST_0016,2024-12-04 00:14:57,19.89,PAYMENT,GAS_STATION,Airbnb,"Philadelphia, PA",False
TXN_000716,CUST_0075,2025-04-30 21:22:44,117.88,PAYMENT,GROCERIES,Netflix,"Chicago, IL",False
TXN_000717,CUST_0070,2024-10-21 12:17:18,508.26,DEPOSIT,GROCERIES,Airbnb,"Phoenix, AZ",False
TXN_000718,CUST_0061,2024-09-13 12:57:33,8.57,PURCHASE,ENTERTAINMENT,Walmart,"Chicago, IL",False
TXN_000719,CUST_0006,2024-08-28 20:38:35,12.44,TRANSFER,GROCERIES,Starbucks,"Chicago, IL",False
TXN_000720,CUST_0082,2024-08-15 21:13:29,126.57,DEPOSIT,UTILITIES,Starbucks,"Phoenix, AZ",False
TXN_000721,CUST_0026,2024-09-09 17:22:57,48.03,PAYMENT,RETAIL,McDonald's,"Houston, TX",False
TXN_000722,CUST_0021,2024-11-03 09:14:29,7.18,PAYMENT,GAS_STATION,Netflix,"San Antonio, TX",False
TXN_000723,CUST_0084,2024-10-12 11:21:14,42.58,TRANSFER,TRAVEL,Starbucks,"Phoenix, AZ",False
TXN_000724,CUST_0092,2025-04-30 01:37:32,35.6,DEPOSIT,GROCERIES,Target,"San Antonio, TX",False
TXN_000725,CUST_0086,2024-08-22 07:42:09,20.0,WITHDRAWAL,ONLINE_SHOPPING,Home Depot,"Phoenix, AZ",False
TXN_000726,CUST_0027,2024-09-26 07:19:21,13.48,DEPOSIT,ENTERTAINMENT,Walmart,"Philadelphia, PA",False
TXN_000727,CUST_0099,2024-09-14 01:11:07,45.45,TRANSFER,GROCERIES,Shell,"New York, NY",False
TXN_000728,CUST_0087,2024-09-27 20:03:27,27.48,DEPOSIT,GAS_STATION,Home Depot,"Los Angeles, CA",False
TXN_000729,CUST_0070,2025-03-31 02:53:34,82.44,TRANSFER,ONLINE_SHOPPING,Shell,"Philadelphia, PA",False
TXN_000730,CUST_0065,2024-08-24 00:03:06,13.54,PURCHASE,ONLINE_SHOPPING,Home Depot,"San Diego, CA",False
TXN_000731,CUST_0051,2024-09-18 17:54:19,136.76,PAYMENT,UTILITIES,Starbucks,"Los Angeles, CA",False
TXN_000732,CUST_0076,2024-08-20 15:17:35,71.57,TRANSFER,ENTERTAINMENT,Netflix,"Chicago, IL",False
TXN_000733,CUST_0036,2024-08-28 03:45:45,18.61,PURCHASE,ONLINE_SHOPPING,Airbnb,"Los Angeles, CA",False
TXN_000734,CUST_0060,2024-12-04 11:34:18,13.38,DEPOSIT,UTILITIES,Amazon,"San Diego, CA",False
TXN_000735,CUST_0063,2024-10-21 01:58:42,88.52,PAYMENT,GAS_STATION,Target,"Houston, TX",False
TXN_000736,CUST_0088,2024-10-08 06:47:35,55.07,TRANSFER,GAS_STATION,Netflix,"Philadelphia, PA",False
TXN_000737,CUST_0094,2024-08-27 18:15:27,2.99,DEPOSIT,ONLINE_SHOPPING,Starbucks,"Phoenix, AZ",False
TXN_000738,CUST_0087,2024-09-18 18:05:31,91.67,TRANSFER,UTILITIES,Starbucks,"Los Angeles, CA",False
TXN_000739,CUST_0001,2024-08-27 05:21:42,48.17,PURCHASE,RETAIL,Netflix,"Phoenix, AZ",False
TXN_000740,CUST_0080,2024-11-21 17:07:38,71.83,WITHDRAWAL,UTILITIES,Walmart,"New York, NY",False
TXN_000741,CUST_0075,2025-03-01 01:37:06,1001.31,DEPOSIT,GAS_STATION,Amazon,"Houston, TX",False
TXN_000742,CUST_0010,2025-01-16 09:18:42,235.2,TRANSFER,UTILITIES,Home Depot,"San Diego, CA",False
TXN_000743,CUST_0026,2024-11-29 16:33:58,16.02,PAYMENT,ENTERTAINMENT,Netflix,"Houston, TX",False
TXN_000744,CUST_0091,2024-09-18 07:46:58,113.11,WITHDRAWAL,GROCERIES,Airbnb,"Houston, TX",False
TXN_000745,CUST_0053,2024-09-10 07:17:06,82.88,TRANSFER,RESTAURANT,Netflix,"New York, NY",False
TXN_000746,CUST_0006,2024-08-22 14:51:38,10.21,PAYMENT,RESTAURANT,Shell,"San Antonio, TX",False
TXN_000747,CUST_0083,2024-12-28 04:45:04,12.6,PAYMENT,ONLINE_SHOPPING,Walmart,"Los Angeles, CA",False
TXN_000748,CUST_0030,2024-10-16 12:36:39,41.52,TRANSFER,GROCERIES,Home Depot,"San Diego, CA",False
TXN_000749,CUST_0004,2024-11-30 11:01:20,121.64,PAYMENT,GROCERIES,Home Depot,"Phoenix, AZ",False
TXN_000750,CUST_0009,2024-08-20 22:57:50,42.62,DEPOSIT,GROCERIES,Home Depot,"Philadelphia, PA",False
TXN_000751,CUST_0064,2024-09-18 13:05:23,144.11,TRANSFER,ENTERTAINMENT,Airbnb,"Houston, TX",False
TXN_000752,CUST_0049,2024-11-12 10:30:09,26.57,TRANSFER,ENTERTAINMENT,Target,"New York, NY",False
TXN_000753,CUST_0062,2025-04-06 10:45:32,55.82,TRANSFER,TRAVEL,Shell,"Houston, TX",False
TXN_000754,CUST_0068,2024-11-22 08:23:43,22.95,TRANSFER,TRAVEL,McDonald's,"Los Angeles, CA",False
TXN_000755,CUST_0029,2024-09-19 18:15:51,48.09,WITHDRAWAL,GROCERIES,Starbucks,"Houston, TX",False
TXN_000756,CUST_0061,2024-10-03 08:21:19,12.34,PURCHASE,UTILITIES,Walmart,"Los Angeles, CA",False
TXN_000757,CUST_0061,2024-09-22 18:00:56,4.67,TRANSFER,GROCERIES,Netflix,"San Diego, CA",False
TXN_000758,CUST_0017,2024-10-27 02:06:41,11.18,PAYMENT,RETAIL,Home Depot,"San Diego, CA",False
TXN_000759,CUST_0099,2024-10-28 22:06:45,12.32,PURCHASE,RESTAURANT,Target,"Phoenix, AZ",False
TXN_000760,CUST_0070,2024-08-18 14:36:01,98.39,PURCHASE,TRAVEL,Airbnb,"Los Angeles, CA",False
TXN_000761,CUST_0037,2024-08-18 21:17:54,27.43,TRANSFER,RESTAURANT,Home Depot,"Philadelphia, PA",False
TXN_000762,CUST_0022,2024-09-06 12:02:59,240.5,WITHDRAWAL,TRAVEL,Home Depot,"San Diego, CA",False
TXN_000763,CUST_0076,2025-07-06 19:03:51,55.69,WITHDRAWAL,UTILITIES,Shell,"Los Angeles, CA",False
TXN_000764,CUST_0019,2024-09-27 22:21:56,11.46,DEPOSIT,RESTAURANT,Starbucks,"Houston, TX",False
TXN_000765,CUST_0021,2024-11-10 18:00:58,20.0,WITHDRAWAL,UTILITIES,Starbucks,"Los Angeles, CA",False
TXN_000766,CUST_0017,2024-12-08 07:43:47,2.43,DEPOSIT,ENTERTAINMENT,Airbnb,"San Diego, CA",True
TXN_000767,CUST_0075,2024-11-21 17:49:23,78.22,WITHDRAWAL,GAS_STATION,Airbnb,"Houston, TX",False
TXN_000768,CUST_0023,2024-12-16 20:02:45,14.44,PURCHASE,TRAVEL,Airbnb,"Houston, TX",False
TXN_000769,CUST_0077,2024-10-22 04:36:09,11.75,PAYMENT,RESTAURANT,Airbnb,"San Diego, CA",False
TXN_000770,CUST_0066,2024-09-02 04:24:06,145.84,WITHDRAWAL,GROCERIES,Walmart,"New York, NY",False
TXN_000771,CUST_0074,2024-09-21 01:48:16,30.76,DEPOSIT,GROCERIES,Amazon,"Phoenix, AZ",False
TXN_000772,CUST_0018,2025-02-09 09:08:11,145.95,WITHDRAWAL,ENTERTAINMENT,Home Depot,"San Diego, CA",False
TXN_000773,CUST_0042,2025-01-21 23:27:04,20.0,WITHDRAWAL,RETAIL,Uber,"San Antonio, TX",False
TXN_000774,CUST_0003,2024-09-12 17:03:46,13.18,PURCHASE,UTILITIES,Amazon,"New York, NY",False
TXN_000775,CUST_0062,2025-04-03 21:53:22,14.34,TRANSFER,TRAVEL,Starbucks,"Chicago, IL",False
TXN_000776,CUST_0044,2024-11-16 19:15:12,10.54,TRANSFER,RESTAURANT,Shell,"Houston, TX",False
TXN_000777,CUST_0084,2025-03-11 12:12:56,29.32,DEPOSIT,ONLINE_SHOPPING,Home Depot,"Philadelphia, PA",False
TXN_000778,CUST_0077,2024-10-23 22:05:54,37.12,WITHDRAWAL,RESTAURANT,Walmart,"Phoenix, AZ",False
TXN_000779,CUST_0077,2024-09-20 10:11:28,172.29,PAYMENT,GROCERIES,Walmart,"Philadelphia, PA",False
TXN_000780,CUST_0084,2024-08-20 18:35:56,10.73,PURCHASE,UTILITIES,Target,"New York, NY",False
TXN_000781,CUST_0096,2025-04-09 06:07:22,69.66,TRANSFER,ENTERTAINMENT,Walmart,"Chicago, IL",False
TXN_000782,CUST_0033,2025-07-26 12:48:42,2.57,TRANSFER,ENTERTAINMENT,Netflix,"Philadelphia, PA",False
TXN_000783,CUST_0094,2024-09-27 05:32:21,39.05,TRANSFER,GROCERIES,McDonald's,"Houston, TX",False
TXN_000784,CUST_0075,2024-08-31 14:08:35,9.43,PURCHASE,TRAVEL,Airbnb,"Chicago, IL",False
TXN_000785,CUST_0066,2024-10-23 07:53:48,12.38,PURCHASE,GROCERIES,Uber,"San Diego, CA",False
TXN_000786,CUST_0048,2025-02-22 02:24:34,90.93,PAYMENT,UTILITIES,Amazon,"Philadelphia, PA",False
TXN_000787,CUST_0054,2025-05-04 01:51:15,23.54,WITHDRAWAL,ENTERTAINMENT,Walmart,"Chicago, IL",False
TXN_000788,CUST_0057,2024-09-02 22:26:31,2.09,PURCHASE,RESTAURANT,Airbnb,"San Diego, CA",False
TXN_000789,CUST_0093,2024-09-24 17:48:30,47.42,PAYMENT,GROCERIES,Home Depot,"New York, NY",False
TXN_000790,CUST_0039,2024-11-14 13:39:31,14.67,DEPOSIT,GROCERIES,Amazon,"San Diego, CA",False
TXN_000791,CUST_0052,2024-09-08 03:49:15,57.61,TRANSFER,RESTAURANT,Starbucks,"New York, NY",False
TXN_000792,CUST_0024,2024-08-29 18:36:01,73.77,PURCHASE,RETAIL,Airbnb,"Phoenix, AZ",False
TXN_000793,CUST_0075,2025-02-10 02:55:30,39.18,WITHDRAWAL,RESTAURANT,Airbnb,"Philadelphia, PA",False
TXN_000794,CUST_0050,2025-05-10 01:02:00,38.23,PURCHASE,TRAVEL,Walmart,"Philadelphia, PA",False
TXN_000795,CUST_0001,2024-08-27 19:41:22,36.26,DEPOSIT,ENTERTAINMENT,Airbnb,"Philadelphia, PA",False
TXN_000796,CUST_0094,2024-08-26 00:21:53,57.33,PURCHASE,UTILITIES,Walmart,"Los Angeles, CA",False
TXN_000797,CUST_0058,2024-10-13 21:37:22,36.53,WITHDRAWAL,ENTERTAINMENT,Netflix,"San Antonio, TX",False
TXN_000798,CUST_0083,2024-10-01 09:05:52,20.0,WITHDRAWAL,RESTAURANT,Netflix,"New York, NY",False
TXN_000799,CUST_0072,2024-10-08 21:37:28,26.85,TRANSFER,RETAIL,Target,"Houston, TX",False
TXN_000800,CUST_0019,2024-08-15 02:43:29,34.14,DEPOSIT,ENTERTAINMENT,Home Depot,"New York, NY",False
TXN_000801,CUST_0027,2024-08-22 19:04:09,23.22,TRANSFER,GAS_STATION,Shell,"Philadelphia, PA",False
TXN_000802,CUST_0093,2024-08-17 17:23:52,98.3,PURCHASE,RETAIL,Shell,"Philadelphia, PA",False
TXN_000803,CUST_0044,2025-08-13 06:15:19,27.76,TRANSFER,GAS_STATION,Netflix,"Houston, TX",False
TXN_000804,CUST_0030,2024-09-06 02:12:33,3.1,DEPOSIT,ENTERTAINMENT,Shell,"Houston, TX",False
TXN_000805,CUST_0056,2024-09-19 12:25:00,26.31,PURCHASE,UTILITIES,Uber,"Chicago, IL",False
TXN_000806,CUST_0058,2024-08-21 20:43:38,13.7,PURCHASE,GROCERIES,Airbnb,"Philadelphia, PA",False
TXN_000807,CUST_0082,2024-09-15 11:34:22,154.82,WITHDRAWAL,UTILITIES,Home Depot,"Chicago, IL",False
TXN_000808,CUST_0057,2024-09-04 06:09:30,269.76,PURCHASE,RESTAURANT,Amazon,"New York, NY",False
TXN_000809,CUST_0021,2025-01-09 06:44:27,38.74,TRANSFER,TRAVEL,McDonald's,"Philadelphia, PA",False
TXN_000810,CUST_0085,2024-11-17 10:41:06,18.66,TRANSFER,RETAIL,Shell,"Philadelphia, PA",False
TXN_000811,CUST_0098,2024-09-13 18:42:26,1.11,DEPOSIT,ONLINE_SHOPPING,Starbucks,"Los Angeles, CA",False
TXN_000812,CUST_0038,2024-10-05 04:22:18,169.19,TRANSFER,RESTAURANT,Airbnb,"San Diego, CA",False
TXN_000813,CUST_0053,2025-02-25 16:36:24,59.37,TRANSFER,RESTAURANT,Amazon,"Phoenix, AZ",False
TXN_000814,CUST_0091,2024-09-26 07:50:48,44.02,WITHDRAWAL,UTILITIES,Uber,"Los Angeles, CA",False
TXN_000815,CUST_0100,2024-10-21 20:44:15,17.2,PURCHASE,RESTAURANT,Target,"New York, NY",False
TXN_000816,CUST_0089,2024-10-21 23:07:02,20.0,WITHDRAWAL,RESTAURANT,Airbnb,"Los Angeles, CA",False
TXN_000817,CUST_0054,2025-01-01 22:56:34,9.02,DEPOSIT,TRAVEL,McDonald's,"Los Angeles, CA",False
TXN_000818,CUST_0083,2024-09-28 07:24:05,60.23,WITHDRAWAL,UTILITIES,Walmart,"New York, NY",False
TXN_000819,CUST_0083,2024-09-02 13:02:15,149.33,DEPOSIT,GROCERIES,Netflix,"San Diego, CA",False
TXN_000820,CUST_0040,2025-02-21 20:27:28,12.21,PURCHASE,RESTAURANT,Shell,"New York, NY",False
TXN_000821,CUST_0017,2025-05-17 20:20:18,56.31,DEPOSIT,RETAIL,Home Depot,"Philadelphia, PA",False
TXN_000822,CUST_0092,2025-08-06 00:09:54,21.02,PURCHASE,GROCERIES,Uber,"Los Angeles, CA",False
TXN_000823,CUST_0043,2024-08-14 04:42:17,12.98,PAYMENT,RETAIL,Airbnb,"Chicago, IL",False
TXN_000824,CUST_0055,2024-08-31 05:49:10,52.41,PURCHASE,TRAVEL,Netflix,"Houston, TX",False
TXN_000825,CUST_0024,2024-09-15 17:45:08,911.44,DEPOSIT,RETAIL,Airbnb,"New York, NY",False
TXN_000826,CUST_0050,2025-05-05 08:15:10,5.13,DEPOSIT,UTILITIES,Walmart,"Houston, TX",False
TXN_000827,CUST_0056,2024-08-17 17:57:01,4.72,PAYMENT,UTILITIES,McDonald's,"Phoenix, AZ",False
TXN_000828,CUST_0086,2025-01-24 04:39:44,21.24,PAYMENT,GAS_STATION,Starbucks,"Philadelphia, PA",False
TXN_000829,CUST_0047,2025-03-27 06:07:55,59.23,WITHDRAWAL,TRAVEL,Home Depot,"Los Angeles, CA",False
TXN_000830,CUST_0081,2024-09-18 03:16:23,49.41,TRANSFER,GROCERIES,Walmart,"Philadelphia, PA",False
TXN_000831,CUST_0025,2024-08-18 18:24:42,36.22,DEPOSIT,GROCERIES,Walmart,"San Diego, CA",False
TXN_000832,CUST_0072,2025-06-08 11:49:43,56.54,PURCHASE,TRAVEL,McDonald's,"New York, NY",False
TXN_000833,CUST_0065,2024-10-20 03:24:24,20.0,WITHDRAWAL,TRAVEL,Walmart,"Houston, TX",False
TXN_000834,CUST_0036,2024-09-29 00:39:55,16.29,PURCHASE,RETAIL,Target,"Chicago, IL",False
TXN_000835,CUST_0043,2024-09-17 13:57:38,8.9,TRANSFER,GROCERIES,Netflix,"Houston, TX",False
TXN_000836,CUST_0024,2025-08-13 06:15:19,42.72,WITHDRAWAL,TRAVEL,Airbnb,"Philadelphia, PA",False
TXN_000837,CUST_0076,2024-10-28 04:59:21,5.36,PURCHASE,UTILITIES,Home Depot,"Phoenix, AZ",False
TXN_000838,CUST_0058,2024-09-09 05:21:46,19.53,TRANSFER,TRAVEL,Airbnb,"Chicago, IL",False
TXN_000839,CUST_0099,2024-10-25 08:15:29,91.74,PAYMENT,TRAVEL,Starbucks,"Houston, TX",False
TXN_000840,CUST_0054,2024-12-09 15:11:31,5.62,PURCHASE,UTILITIES,Amazon,"New York, NY",False
TXN_000841,CUST_0022,2024-12-03 19:37:19,369.24,DEPOSIT,TRAVEL,Shell,"Los Angeles, CA",True
TXN_000842,CUST_0100,2024-12-04 19:49:35,43.88,PURCHASE,UTILITIES,Netflix,"Los Angeles, CA",False
TXN_000843,CUST_0063,2024-12-13 04:00:40,6.43,PURCHASE,TRAVEL,McDonald's,"Phoenix, AZ",False
TXN_000844,CUST_0061,2025-02-22 19:23:04,227.17,DEPOSIT,TRAVEL,Target,"Los Angeles, CA",False
TXN_000845,CUST_0072,2024-08-23 17:46:39,23.59,WITHDRAWAL,UTILITIES,Starbucks,"Phoenix, AZ",False
TXN_000846,CUST_0019,2024-12-06 06:47:43,11.35,DEPOSIT,TRAVEL,McDonald's,"Los Angeles, CA",False
TXN_000847,CUST_0061,2024-11-03 14:53:26,20.0,WITHDRAWAL,RESTAURANT,Walmart,"Philadelphia, PA",False
TXN_000848,CUST_0007,2024-11-26 04:53:43,87.07,PAYMENT,UTILITIES,Shell,"Chicago, IL",False
TXN_000849,CUST_0080,2024-08-30 23:51:08,101.13,DEPOSIT,UTILITIES,McDonald's,"Philadelphia, PA",False
TXN_000850,CUST_0069,2024-11-09 05:26:58,5.7,DEPOSIT,GAS_STATION,Uber,"San Antonio, TX",False
TXN_000851,CUST_0057,2024-11-12 04:06:53,20.0,WITHDRAWAL,RESTAURANT,Shell,"Houston, TX",False
TXN_000852,CUST_0082,2025-02-28 17:41:57,11.33,DEPOSIT,RETAIL,Home Depot,"San Diego, CA",False
TXN_000853,CUST_0079,2024-12-08 09:40:40,25.64,WITHDRAWAL,ENTERTAINMENT,Walmart,"Houston, TX",False
TXN_000854,CUST_0067,2024-08-18 22:18:09,75.89,WITHDRAWAL,GAS_STATION,Walmart,"Chicago, IL",False
TXN_000855,CUST_0064,2024-09-03 18:13:17,15.05,DEPOSIT,ONLINE_SHOPPING,Home Depot,"Los Angeles, CA",False
TXN_000856,CUST_0004,2024-10-12 04:08:49,31.24,WITHDRAWAL,UTILITIES,Amazon,"San Antonio, TX",False
TXN_000857,CUST_0085,2025-01-03 05:24:29,12.42,TRANSFER,GROCERIES,Home Depot,"Chicago, IL",False
TXN_000858,CUST_0038,2024-11-13 21:30:15,27.7,PURCHASE,ENTERTAINMENT,Amazon,"New York, NY",False
TXN_000859,CUST_0061,2024-09-20 21:33:51,28.39,PURCHASE,RETAIL,Walmart,"Phoenix, AZ",False
TXN_000860,CUST_0012,2024-11-26 11:14:24,59.02,PURCHASE,ONLINE_SHOPPING,McDonald's,"San Antonio, TX",False
TXN_000861,CUST_0080,2024-08-15 06:51:16,162.65,PURCHASE,ENTERTAINMENT,Amazon,"Chicago, IL",True
TXN_000862,CUST_0052,2024-08-28 03:20:21,31.74,TRANSFER,ONLINE_SHOPPING,Walmart,"Los Angeles, CA",False
TXN_000863,CUST_0097,2025-01-28 00:07:59,55.42,DEPOSIT,RETAIL,Target,"San Diego, CA",False
TXN_000864,CUST_0056,2024-11-13 18:57:53,44.52,PURCHASE,RETAIL,Uber,"San Antonio, TX",False
TXN_000865,CUST_0052,2024-10-22 20:29:11,71.73,PAYMENT,UTILITIES,Home Depot,"New York, NY",False
TXN_000866,CUST_0033,2024-09-02 19:58:03,36.54,PAYMENT,TRAVEL,Home Depot,"San Antonio, TX",False
TXN_000867,CUST_0082,2025-02-01 01:28:11,230.87,TRANSFER,RETAIL,Amazon,"Los Angeles, CA",False
TXN_000868,CUST_0009,2024-11-28 11:50:25,70.58,WITHDRAWAL,RESTAURANT,Target,"New York, NY",False
TXN_000869,CUST_0024,2025-02-16 07:38:25,41.27,WITHDRAWAL,ENTERTAINMENT,McDonald's,"Chicago, IL",False
TXN_000870,CUST_0033,2025-02-12 19:06:04,25.97,PAYMENT,RETAIL,Uber,"Los Angeles, CA",False
TXN_000871,CUST_0009,2024-09-16 20:24:34,22.97,PURCHASE,GAS_STATION,McDonald's,"New York, NY",False
TXN_000872,CUST_0089,2024-09-11 08:58:54,15.21,TRANSFER,RESTAURANT,Target,"Los Angeles, CA",False
TXN_000873,CUST_0056,2024-11-29 17:20:37,8.91,PURCHASE,ONLINE_SHOPPING,Starbucks,"Philadelphia, PA",False
TXN_000874,CUST_0090,2025-02-01 14:20:01,414.2,DEPOSIT,ENTERTAINMENT,Walmart,"San Antonio, TX",False
TXN_000875,CUST_0055,2024-10-02 02:46:10,75.42,DEPOSIT,GAS_STATION,Starbucks,"Chicago, IL",False
TXN_000876,CUST_0092,2024-12-16 13:44:31,2.5,DEPOSIT,TRAVEL,Amazon,"Phoenix, AZ",False
TXN_000877,CUST_0022,2024-08-13 09:20:23,18.2,PURCHASE,TRAVEL,Target,"Phoenix, AZ",False
TXN_000878,CUST_0033,2024-08-20 23:13:35,131.77,PURCHASE,RESTAURANT,Target,"New York, NY",False
TXN_000879,CUST_0082,2025-03-19 05:54:29,6.88,PAYMENT,ENTERTAINMENT,Uber,"Chicago, IL",False
TXN_000880,CUST_0082,2025-01-14 16:25:50,10.89,PURCHASE,ONLINE_SHOPPING,Airbnb,"San Antonio, TX",False
TXN_000881,CUST_0016,2025-01-07 21:54:48,10.34,PURCHASE,GROCERIES,McDonald's,"Philadelphia, PA",False
TXN_000882,CUST_0016,2024-10-11 18:07:35,9.65,TRANSFER,TRAVEL,Airbnb,"Phoenix, AZ",False
TXN_000883,CUST_0072,2024-12-04 01:58:10,58.84,TRANSFER,GAS_STATION,Uber,"Houston, TX",False
TXN_000884,CUST_0009,2024-10-10 07:40:58,27.41,WITHDRAWAL,RESTAURANT,Starbucks,"Phoenix, AZ",False
TXN_000885,CUST_0017,2024-10-27 04:39:42,40.24,DEPOSIT,ONLINE_SHOPPING,Airbnb,"Los Angeles, CA",False
TXN_000886,CUST_0055,2024-09-12 17:39:30,9.31,PAYMENT,GROCERIES,Netflix,"Philadelphia, PA",False
TXN_000887,CUST_0100,2024-10-18 07:59:23,14.05,TRANSFER,UTILITIES,Uber,"Chicago, IL",False
TXN_000888,CUST_0065,2024-12-31 05:22:42,39.81,TRANSFER,ENTERTAINMENT,Airbnb,"Chicago, IL",False
TXN_000889,CUST_0007,2024-12-20 19:01:15,9.38,PAYMENT,RESTAURANT,Shell,"Los Angeles, CA",False
TXN_000890,CUST_0010,2025-03-06 00:42:55,8.31,PAYMENT,ONLINE_SHOPPING,Uber,"Chicago, IL",False
TXN_000891,CUST_0082,2024-10-25 03:57:34,56.33,WITHDRAWAL,GROCERIES,Netflix,"San Diego, CA",False
TXN_000892,CUST_0003,2024-09-01 04:31:50,81.08,TRANSFER,TRAVEL,Amazon,"Phoenix, AZ",False
TXN_000893,CUST_0030,2025-01-06 09:37:23,53.95,DEPOSIT,ONLINE_SHOPPING,Home Depot,"Houston, TX",False
TXN_000894,CUST_0095,2024-09-11 22:06:17,8.71,TRANSFER,GROCERIES,Airbnb,"Chicago, IL",False
TXN_000895,CUST_0090,2025-03-29 02:39:14,42.05,PURCHASE,RETAIL,Netflix,"Houston, TX",False
TXN_000896,CUST_0083,2024-11-02 01:04:41,153.91,TRANSFER,ENTERTAINMENT,Airbnb,"Phoenix, AZ",False
TXN_000897,CUST_0077,2024-09-27 22:47:57,68.39,TRANSFER,ENTERTAINMENT,McDonald's,"Los Angeles, CA",False
TXN_000898,CUST_0066,2024-10-07 18:06:38,4.69,PAYMENT,RETAIL,Amazon,"New York, NY",False
TXN_000899,CUST_0040,2024-08-24 20:57:21,250.54,PAYMENT,RETAIL,Uber,"Philadelphia, PA",False
TXN_000900,CUST_0068,2025-06-30 03:19:56,10.62,PURCHASE,TRAVEL,McDonald's,"Phoenix, AZ",False
TXN_000901,CUST_0085,2024-10-24 22:04:07,16.36,DEPOSIT,ONLINE_SHOPPING,Uber,"Los Angeles, CA",False
TXN_000902,CUST_0095,2024-09-18 02:30:01,65.66,WITHDRAWAL,GROCERIES,Starbucks,"Houston, TX",False
TXN_000903,CUST_0061,2024-09-18 07:20:41,17.21,PURCHASE,ENTERTAINMENT,McDonald's,"New York, NY",False
TXN_000904,CUST_0042,2024-12-29 05:48:52,6.96,PURCHASE,UTILITIES,Target,"Houston, TX",False
TXN_000905,CUST_0080,2024-11-16 09:54:02,207.76,PAYMENT,GROCERIES,Target,"San Diego, CA",False
TXN_000906,CUST_0022,2024-09-29 17:54:29,9.22,PURCHASE,ENTERTAINMENT,McDonald's,"Phoenix, AZ",False
TXN_000907,CUST_0022,2024-09-10 21:18:50,122.47,PAYMENT,ONLINE_SHOPPING,Home Depot,"Los Angeles, CA",False
TXN_000908,CUST_0070,2024-08-16 09:23:55,11.35,PURCHASE,ENTERTAINMENT,Uber,"San Antonio, TX",False
TXN_000909,CUST_0046,2024-10-03 06:37:53,35.74,PAYMENT,RETAIL,Walmart,"Houston, TX",False
TXN_000910,CUST_0003,2025-05-11 23:55:40,13.85,PURCHASE,UTILITIES,McDonald's,"San Antonio, TX",True
TXN_000911,CUST_0057,2024-09-08 20:42:59,41.45,PURCHASE,RESTAURANT,Home Depot,"New York, NY",False
TXN_000912,CUST_0060,2024-10-17 21:10:08,31.45,PURCHASE,ONLINE_SHOPPING,Target,"New York, NY",False
TXN_000913,CUST_0039,2025-04-06 15:31:49,57.72,DEPOSIT,ENTERTAINMENT,Home Depot,"Philadelphia, PA",False
TXN_000914,CUST_0099,2025-02-23 13:30:46,38.88,DEPOSIT,RETAIL,Airbnb,"Houston, TX",False
TXN_000915,CUST_0025,2024-10-04 05:11:18,6.61,TRANSFER,ENTERTAINMENT,Walmart,"Chicago, IL",False
TXN_000916,CUST_0086,2024-12-08 23:34:05,13.52,PURCHASE,GROCERIES,Amazon,"Los Angeles, CA",False
TXN_000917,CUST_0013,2024-08-20 05:18:52,111.8,WITHDRAWAL,UTILITIES,Target,"San Antonio, TX",False
TXN_000918,CUST_0045,2024-08-14 15:12:58,79.61,WITHDRAWAL,ENTERTAINMENT,Uber,"Chicago, IL",False
TXN_000919,CUST_0037,2024-10-06 22:14:06,86.19,PAYMENT,ENTERTAINMENT,Home Depot,"Phoenix, AZ",False
TXN_000920,CUST_0056,2024-11-19 22:44:34,49.62,TRANSFER,GAS_STATION,Target,"Los Angeles, CA",False
TXN_000921,CUST_0068,2024-09-26 13:15:44,341.56,WITHDRAWAL,RETAIL,McDonald's,"Houston, TX",False
TXN_000922,CUST_0006,2024-08-18 19:36:24,311.36,DEPOSIT,TRAVEL,Amazon,"San Antonio, TX",False
TXN_000923,CUST_0077,2025-02-02 05:20:22,32.03,DEPOSIT,GROCERIES,Airbnb,"Chicago, IL",False
TXN_000924,CUST_0035,2024-10-10 12:24:11,74.88,DEPOSIT,ONLINE_SHOPPING,McDonald's,"New York, NY",False
TXN_000925,CUST_0076,2024-09-12 01:26:44,4.29,TRANSFER,ENTERTAINMENT,Walmart,"Chicago, IL",False
TXN_000926,CUST_0093,2024-08-27 05:27:16,8.22,PURCHASE,RETAIL,Uber,"Philadelphia, PA",False
TXN_000927,CUST_0011,2024-10-29 08:53:01,52.75,PURCHASE,GAS_STATION,Netflix,"Phoenix, AZ",False
TXN_000928,CUST_0093,2024-10-05 04:29:04,98.66,PURCHASE,ENTERTAINMENT,McDonald's,"Houston, TX",False
TXN_000929,CUST_0051,2024-09-19 23:08:45,16.02,DEPOSIT,ONLINE_SHOPPING,Netflix,"Phoenix, AZ",False
TXN_000930,CUST_0079,2024-09-12 17:03:26,60.18,DEPOSIT,ONLINE_SHOPPING,McDonald's,"San Antonio, TX",False
TXN_000931,CUST_0080,2024-08-18 05:07:47,21.48,WITHDRAWAL,TRAVEL,Home Depot,"San Antonio, TX",False
TXN_000932,CUST_0019,2024-09-14 22:54:28,67.5,TRANSFER,GAS_STATION,Uber,"Philadelphia, PA",False
TXN_000933,CUST_0003,2025-02-04 09:24:02,103.28,WITHDRAWAL,TRAVEL,Starbucks,"San Antonio, TX",False
TXN_000934,CUST_0068,2025-03-29 10:32:12,13.07,TRANSFER,ONLINE_SHOPPING,Home Depot,"Chicago, IL",False
TXN_000935,CUST_0026,2024-09-08 22:02:50,9.23,DEPOSIT,ONLINE_SHOPPING,McDonald's,"San Antonio, TX",True
TXN_000936,CUST_0069,2024-09-05 23:02:57,3.98,DEPOSIT,TRAVEL,Starbucks,"San Diego, CA",False
TXN_000937,CUST_0010,2024-09-21 06:42:32,184.28,PAYMENT,GROCERIES,McDonald's,"Phoenix, AZ",False
TXN_000938,CUST_0076,2024-11-15 01:24:45,45.47,WITHDRAWAL,GAS_STATION,Amazon,"San Diego, CA",False
TXN_000939,CUST_0051,2024-10-13 00:25:48,56.48,PURCHASE,RESTAURANT,Walmart,"Los Angeles, CA",False
TXN_000940,CUST_0023,2024-09-27 11:21:21,97.69,TRANSFER,TRAVEL,Target,"New York, NY",False
TXN_000941,CUST_0078,2024-10-11 17:05:44,63.01,PAYMENT,TRAVEL,Target,"Philadelphia, PA",False
TXN_000942,CUST_0031,2024-09-14 00:09:14,1.75,TRANSFER,GAS_STATION,Netflix,"Chicago, IL",False
TXN_000943,CUST_0032,2025-01-21 21:11:10,237.03,PAYMENT,RETAIL,Uber,"San Antonio, TX",False
TXN_000944,CUST_0070,2024-08-19 09:25:46,22.97,TRANSFER,GAS_STATION,Airbnb,"Phoenix, AZ",False
TXN_000945,CUST_0089,2025-01-18 10:26:44,75.88,DEPOSIT,RETAIL,Netflix,"New York, NY",False
TXN_000946,CUST_0065,2024-09-13 11:53:59,38.25,WITHDRAWAL,RESTAURANT,Walmart,"Philadelphia, PA",False
TXN_000947,CUST_0047,2024-09-13 22:07:45,17.4,PURCHASE,RETAIL,Walmart,"Chicago, IL",False
TXN_000948,CUST_0070,2024-09-02 11:54:59,27.16,PAYMENT,RETAIL,Netflix,"San Antonio, TX",False
TXN_000949,CUST_0068,2024-09-11 23:34:49,17.92,DEPOSIT,RESTAURANT,Target,"New York, NY",False
TXN_000950,CUST_0026,2024-08-20 10:17:41,35.3,PURCHASE,GAS_STATION,Home Depot,"San Antonio, TX",False
TXN_000951,CUST_0042,2024-10-18 19:48:03,21.3,DEPOSIT,TRAVEL,Starbucks,"San Diego, CA",False
TXN_000952,CUST_0051,2025-06-10 01:17:47,37.78,WITHDRAWAL,UTILITIES,McDonald's,"Phoenix, AZ",False
TXN_000953,CUST_0080,2024-09-08 10:35:58,34.3,PAYMENT,RETAIL,Home Depot,"Phoenix, AZ",False
TXN_000954,CUST_0060,2024-10-10 09:03:26,30.92,PURCHASE,GAS_STATION,Home Depot,"Houston, TX",False
TXN_000955,CUST_0014,2024-10-01 01:29:23,56.11,DEPOSIT,GAS_STATION,Starbucks,"Los Angeles, CA",False
TXN_000956,CUST_0090,2025-01-07 09:46:42,150.56,WITHDRAWAL,RESTAURANT,Home Depot,"New York, NY",False
TXN_000957,CUST_0022,2024-09-22 11:02:40,26.52,WITHDRAWAL,GROCERIES,Target,"San Antonio, TX",False
TXN_000958,CUST_0085,2024-08-25 19:26:24,45.12,PURCHASE,ENTERTAINMENT,Home Depot,"New York, NY",False
TXN_000959,CUST_0061,2024-08-16 13:06:45,82.86,WITHDRAWAL,ONLINE_SHOPPING,Starbucks,"San Diego, CA",False
TXN_000960,CUST_0086,2024-08-19 19:48:02,164.74,TRANSFER,ONLINE_SHOPPING,McDonald's,"Chicago, IL",False
TXN_000961,CUST_0010,2025-03-09 12:03:14,105.56,PAYMENT,GROCERIES,Shell,"Los Angeles, CA",False
TXN_000962,CUST_0070,2024-09-18 11:04:36,168.81,DEPOSIT,GROCERIES,Amazon,"Los Angeles, CA",False
TXN_000963,CUST_0004,2024-08-24 03:31:36,65.82,DEPOSIT,RESTAURANT,Shell,"Chicago, IL",False
TXN_000964,CUST_0098,2024-10-19 20:54:49,8.49,PURCHASE,ENTERTAINMENT,Netflix,"Philadelphia, PA",False
TXN_000965,CUST_0055,2025-01-24 02:21:33,8.59,DEPOSIT,ENTERTAINMENT,Airbnb,"Philadelphia, PA",False
TXN_000966,CUST_0001,2024-09-09 04:19:48,65.09,DEPOSIT,TRAVEL,Airbnb,"San Antonio, TX",False
TXN_000967,CUST_0055,2024-09-17 04:13:21,13.21,DEPOSIT,ONLINE_SHOPPING,Home Depot,"Houston, TX",False
TXN_000968,CUST_0010,2024-08-15 06:04:13,12.66,PURCHASE,GAS_STATION,Home Depot,"New York, NY",False
TXN_000969,CUST_0080,2025-01-02 00:47:25,69.44,PAYMENT,UTILITIES,Amazon,"New York, NY",False
TXN_000970,CUST_0018,2024-08-25 00:25:09,20.0,WITHDRAWAL,UTILITIES,Walmart,"San Diego, CA",False
TXN_000971,CUST_0001,2024-08-19 07:01:22,64.43,WITHDRAWAL,TRAVEL,Shell,"Phoenix, AZ",False
TXN_000972,CUST_0012,2024-09-29 23:27:25,44.68,TRANSFER,RESTAURANT,Home Depot,"San Antonio, TX",False
TXN_000973,CUST_0012,2024-12-20 22:39:38,24.71,PAYMENT,RESTAURANT,Walmart,"Los Angeles, CA",False
TXN_000974,CUST_0099,2024-11-08 09:42:41,47.17,DEPOSIT,UTILITIES,McDonald's,"Houston, TX",False
TXN_000975,CUST_0079,2024-09-19 20:13:48,9.73,PURCHASE,ONLINE_SHOPPING,Shell,"Philadelphia, PA",False
TXN_000976,CUST_0004,2024-08-18 07:13:10,22.35,DEPOSIT,GAS_STATION,Uber,"San Diego, CA",False
TXN_000977,CUST_0066,2024-10-05 07:41:37,176.95,PAYMENT,RESTAURANT,Starbucks,"San Antonio, TX",False
TXN_000978,CUST_0028,2025-08-13 06:15:19,21.48,WITHDRAWAL,RETAIL,Walmart,"San Diego, CA",False
TXN_000979,CUST_0026,2024-08-24 04:08:44,21.1,PURCHASE,TRAVEL,Home Depot,"Houston, TX",False
TXN_000980,CUST_0048,2024-08-16 19:06:50,42.54,DEPOSIT,ENTERTAINMENT,Starbucks,"Phoenix, AZ",True
TXN_000981,CUST_0048,2025-01-29 08:39:49,13.28,TRANSFER,GAS_STATION,Airbnb,"Houston, TX",False
TXN_000982,CUST_0048,2024-08-31 02:51:19,14.79,PURCHASE,GROCERIES,Target,"Phoenix, AZ",False
TXN_000983,CUST_0088,2025-08-13 06:15:19,96.99,DEPOSIT,RETAIL,Home Depot,"Los Angeles, CA",False
TXN_000984,CUST_0013,2025-03-29 01:52:03,4.1,PAYMENT,GAS_STATION,Starbucks,"Houston, TX",False
TXN_000985,CUST_0088,2024-09-03 06:05:34,49.81,PAYMENT,UTILITIES,Target,"Los Angeles, CA",False
TXN_000986,CUST_0041,2024-08-15 07:25:42,72.05,WITHDRAWAL,TRAVEL,McDonald's,"San Antonio, TX",False
TXN_000987,CUST_0005,2024-08-17 09:03:13,80.9,TRANSFER,RESTAURANT,Target,"Los Angeles, CA",False
TXN_000988,CUST_0013,2025-02-26 01:16:19,72.66,DEPOSIT,ENTERTAINMENT,Amazon,"San Antonio, TX",False
TXN_000989,CUST_0089,2024-12-28 14:17:58,17.52,TRANSFER,ONLINE_SHOPPING,Shell,"Chicago, IL",False
TXN_000990,CUST_0053,2024-08-26 17:18:43,9.36,TRANSFER,TRAVEL,Netflix,"San Antonio, TX",False
TXN_000991,CUST_0062,2024-09-01 18:07:38,23.02,PAYMENT,ENTERTAINMENT,Starbucks,"San Diego, CA",False
TXN_000992,CUST_0088,2024-10-18 21:16:12,160.27,WITHDRAWAL,GAS_STATION,Netflix,"Los Angeles, CA",False
TXN_000993,CUST_0033,2024-12-31 02:12:06,61.83,TRANSFER,GAS_STATION,Walmart,"Houston, TX",False
TXN_000994,CUST_0070,2024-09-25 00:51:37,18.7,PURCHASE,UTILITIES,Airbnb,"New York, NY",False
TXN_000995,CUST_0064,2025-02-14 14:30:50,107.31,TRANSFER,GROCERIES,Netflix,"Philadelphia, PA",False
TXN_000996,CUST_0051,2024-08-30 06:14:40,162.36,TRANSFER,GROCERIES,Target,"Chicago, IL",False
TXN_000997,CUST_0030,2024-09-17 00:58:55,53.61,DEPOSIT,GAS_STATION,Uber,"Chicago, IL",False
TXN_000998,CUST_0087,2025-02-20 16:18:39,5.8,TRANSFER,RETAIL,Airbnb,"Houston, TX",False
TXN_000999,CUST_0051,2025-06-22 04:15:58,99.65,PAYMENT,UTILITIES,Uber,"Chicago, IL",False
TXN_001000,CUST_0093,2025-02-24 17:12:07,75.53,PAYMENT,GAS_STATION,Netflix,"Phoenix, AZ",False
